"example_id","event_group_id","company","trial","document_date","document_type","source_url","related_source_urls","nct_id","registry_history_url","registry_version","registry_posted_date","primary_endpoint_definition","primary_endpoint_met","endpoint_evidence_basis","spin_score","release_claims","reported_results","spin_rationale","limitations_and_cautions","other_trial_context","training_mode","include_in_few_shot","event_relationship","label_revision","scoring_rubric"
"HL001","EVT001","Novocure","LUNAR","2023-01-05","8-K Exhibit 99.1","https://www.sec.gov/Archives/edgar/data/1645113/000164511323000004/specialreportprjanuary2023.htm","https://www.sec.gov/Archives/edgar/data/1645113/000164511323000004/nvcr-20230105.htm","NCT02973789","https://clinicaltrials.gov/study/NCT02973789?tab=history&a=125","125","2022-10-14","Overall survival with the study intervention plus immune checkpoint inhibitor or docetaxel versus those standard therapies alone.","yes","pre_release_registry_definition_and_contemporaneous_company_results","1","Reports statistically significant and clinically meaningful overall survival improvement. Strongly praises the immunotherapy cohort and describes a positive docetaxel trend.","Primary success is reported. Immunotherapy-cohort survival is reported significant; docetaxel-cohort survival is described as a trend. Both cohort comparisons were registered secondary endpoints. No survival estimates, hazard ratios, confidence intervals, or numerical p-values are provided.","Strong language about benefit magnitude exceeds the numerical evidence disclosed, supporting mild spin. The correct primary endpoint remains central and the release distinguishes cohort significance from a trend.","Missing numerical results do not establish false claims. A trend does not establish superiority. Do not import later trial results into this label.","","registry_comparison","false","initial_readout_status_not_independently_audited","","0: Accurate primary-result framing without material positive reinterpretation. 1: Mild promotional emphasis with the primary result accurately represented. 2: Meaningful positive reframing through secondary outcomes, biomarkers, subgroups, or extrapolation while acknowledging main limitations. 3: Substantial positive reinterpretation giving alternative analyses more evidential weight than the primary result supports. 4: Conceals, contradicts, or effectively misrepresents the primary result as success."
"HL002","EVT002","Ionis Pharmaceuticals","TRANSLATE-TIMI 70","2021-11-24","8-K Exhibit 99.1","https://www.sec.gov/Archives/edgar/data/874015/000114036121039298/brhc10031197_ex99-1.htm","","NCT04516291","https://clinicaltrials.gov/study/NCT04516291?tab=history&a=19","19","2021-10-06","Percent change from baseline in non-HDL cholesterol at Week 24 versus placebo.","yes","pre_release_registry_definition_and_contemporaneous_company_results","1","Emphasizes significant primary and selected secondary lipid reductions across doses. Discloses liver findings and continuing review of development options.","Primary non-HDL cholesterol reduction is reported significant at all tested doses. Triglyceride and ANGPTL3 reductions are reported significant. Liver enzyme elevations and increased hepatic fat are disclosed. Numerical effect sizes are absent.","Positive emphasis without effect sizes supports mild spin. Explicit safety disclosure and development uncertainty limit severity. The release does not claim demonstrated cardiovascular-event prevention.","Unreported LDL cholesterol and apolipoprotein B outcomes must remain unreported, not inferred failures. Safety uncertainty alone does not justify moderate spin.","","registry_comparison","true","initial_readout_status_not_independently_audited","Final score 1 supersedes the earlier score 2. The earlier analysis overweighted incomplete benefit-risk information.","0: Accurate primary-result framing without material positive reinterpretation. 1: Mild promotional emphasis with the primary result accurately represented. 2: Meaningful positive reframing through secondary outcomes, biomarkers, subgroups, or extrapolation while acknowledging main limitations. 3: Substantial positive reinterpretation giving alternative analyses more evidential weight than the primary result supports. 4: Conceals, contradicts, or effectively misrepresents the primary result as success."
"HL003","EVT003","BioXcel Therapeutics","IV dexmedetomidine Phase 1b schizophrenia agitation","2018-11-14","8-K Exhibit 99.1","https://www.sec.gov/Archives/edgar/data/1720893/000110465918068277/a18-39574_2ex99d1.htm","","","","","","Company-stated primary objective: identify a safe IV dose producing mild arousable sedation, defined as RASS -1.","yes","company_report_only_registry_unmatched","1","Reports successful IV dose finding and qualified potential for a future fast-acting, easily administered sublingual formulation.","Fourteen patients: ten active and four placebo. Nine active patients reached RASS -1. Secondary agitation threshold PEC <=7 was reached by nine active patients versus zero placebo patients. IV administration and sample size are disclosed.","Qualified extrapolation from IV findings to sublingual-product potential supports mild spin. Supporting further development is reasonable and the release does not claim that the sublingual formulation was proven effective.","No confident pre-release registry match. Primary success is company-reported only. Small sample size or a different formulation does not automatically imply moderate spin.","","text_only_fallback","false","initial_readout_status_not_independently_audited","Final score 1 supersedes the earlier provisional score 2.","0: Accurate primary-result framing without material positive reinterpretation. 1: Mild promotional emphasis with the primary result accurately represented. 2: Meaningful positive reframing through secondary outcomes, biomarkers, subgroups, or extrapolation while acknowledging main limitations. 3: Substantial positive reinterpretation giving alternative analyses more evidential weight than the primary result supports. 4: Conceals, contradicts, or effectively misrepresents the primary result as success."
"HL004","EVT004","Vanda Pharmaceuticals","EPIONE","2020-02-25","8-K Exhibit 99.1","https://www.sec.gov/Archives/edgar/data/1347178/000119312520049300/d892669dex991.htm","","NCT03568331","https://clinicaltrials.gov/study/NCT03568331?tab=history&a=5","5","","Reduction in worst itch measured by WI-NRS at Week 8 in the overall study population.","no","pre_release_registry_definition_and_contemporaneous_company_results","3","Acknowledges primary failure but builds a strong efficacy narrative around mild disease, a severity-adjusted analysis, biological explanations, and a potential major treatment role.","Overall comparison: 0.18-point advantage, p=0.5667. Mild-disease subgroup comprises 79 of 341 patients. A severity-interaction-adjusted analysis reports p=0.0217. The release says confirmation in another study is needed.","Alternative analyses receive extensive weight and substantially rebuild efficacy conclusions after primary failure, supporting 3. Prominent failure disclosure and the need for confirmation keep the score below 4.","Do not definitively call the subgroup post hoc. Prespecifying Week 8 does not establish that the adjusted model was the prespecified primary analysis. Registry posting date was not captured in the prior analysis.","","registry_comparison","true","initial_readout_status_not_independently_audited","","0: Accurate primary-result framing without material positive reinterpretation. 1: Mild promotional emphasis with the primary result accurately represented. 2: Meaningful positive reframing through secondary outcomes, biomarkers, subgroups, or extrapolation while acknowledging main limitations. 3: Substantial positive reinterpretation giving alternative analyses more evidential weight than the primary result supports. 4: Conceals, contradicts, or effectively misrepresents the primary result as success."
"HL005","EVT005","Avalo Therapeutics","PEAK","2023-08-03","8-K Exhibit 99.1 earnings release","https://www.sec.gov/Archives/edgar/data/1534120/000162828023026988/ex-9912q23earningsrelease.htm","","NCT05288504","https://clinicaltrials.gov/study/NCT05288504?tab=history&a=8","8","","Proportion of patients experiencing specified asthma-related events through Week 14.","no","pre_release_registry_definition_and_contemporaneous_company_results","2","Acknowledges primary failure while emphasizing LIGHT suppression, target engagement, and approximately 50% fewer events in a selected high-baseline-LIGHT subgroup.","The overall primary endpoint failed. Serum soluble LIGHT reduction was a secondary biomarker endpoint. The subgroup uses baseline LIGHT >125 pg/mL and is explicitly preliminary and post hoc. Subgroup event counts, confidence intervals, and a significance test are absent.","Biomarker success and selected-subgroup observations meaningfully soften the clinical failure. Prominent, repeated failure disclosure and explicit post hoc qualification limit the score to 2.","Target engagement does not establish improved asthma control. No significant subgroup efficacy is demonstrated here. Registry posting date was not captured in the prior analysis.","","registry_comparison","false","follow_up_to_HL007_same_PEAK_trial","Retain score 2. Use HL007 as the primary PEAK example to avoid duplicate weighting.","0: Accurate primary-result framing without material positive reinterpretation. 1: Mild promotional emphasis with the primary result accurately represented. 2: Meaningful positive reframing through secondary outcomes, biomarkers, subgroups, or extrapolation while acknowledging main limitations. 3: Substantial positive reinterpretation giving alternative analyses more evidential weight than the primary result supports. 4: Conceals, contradicts, or effectively misrepresents the primary result as success."
"HL006","EVT006","Array BioPharma","ASTRA","2018-07-26","8-K Item 7.01","https://www.sec.gov/Archives/edgar/data/1100412/000110041218000015/draft8k726az.htm","","NCT01843062","https://clinicaltrials.gov/study/NCT01843062?tab=history&a=36","36","","Complete remission in the overall population at 18 months after radioactive iodine.","no","pre_release_registry_definition_and_contemporaneous_company_results","0","Directly reports that adding the study intervention to radioactive iodine failed to improve complete remission versus placebo.","The filing reports primary-endpoint failure. It provides no subgroup rescue, biomarker substitution, or favorable efficacy reinterpretation.","The conclusion accurately represents primary failure, supporting 0. Missing numerical detail does not imply spin when the filing does not use the omission to suggest success.","The filer is Array BioPharma; the announcement concerns AstraZeneca and MSD. Registry posting date was not captured in the prior analysis.","","registry_comparison","false","initial_readout_status_not_independently_audited","","0: Accurate primary-result framing without material positive reinterpretation. 1: Mild promotional emphasis with the primary result accurately represented. 2: Meaningful positive reframing through secondary outcomes, biomarkers, subgroups, or extrapolation while acknowledging main limitations. 3: Substantial positive reinterpretation giving alternative analyses more evidential weight than the primary result supports. 4: Conceals, contradicts, or effectively misrepresents the primary result as success."
"HL007","EVT005","Avalo Therapeutics","PEAK","2023-06-26","8-K Exhibit 99.1","https://www.sec.gov/Archives/edgar/data/1534120/000162828023023374/ex-991peaktoplinedata.htm","","NCT05288504","https://clinicaltrials.gov/study/NCT05288504?tab=history&a=7","7","2023-03-09","Proportion of patients experiencing specified asthma-related events through Week 14.","no","pre_release_registry_definition_and_contemporaneous_company_results","2","Prominently acknowledges primary failure, then emphasizes LIGHT suppression, target engagement, and an exploratory trend in patients with higher baseline LIGHT.","The primary asthma-event endpoint failed. Serum soluble LIGHT change was a secondary biomarker endpoint. This announcement does not supply the later subgroup threshold or effect-size details.","Substantial emphasis on biomarkers and an exploratory subgroup creates meaningful positive reframing. Prominent failure disclosure and exploratory qualification keep the score below 3.","Describe this subgroup as exploratory, not definitively post hoc. Do not transfer August threshold and effect-size details into this June announcement.","","registry_comparison","true","initial_PEAK_readout_later_repeated_in_HL005","","0: Accurate primary-result framing without material positive reinterpretation. 1: Mild promotional emphasis with the primary result accurately represented. 2: Meaningful positive reframing through secondary outcomes, biomarkers, subgroups, or extrapolation while acknowledging main limitations. 3: Substantial positive reinterpretation giving alternative analyses more evidential weight than the primary result supports. 4: Conceals, contradicts, or effectively misrepresents the primary result as success."
"HL008","EVT007","Clovis Oncology","ARIEL4","2020-12-21","8-K Item 8.01","https://www.sec.gov/Archives/edgar/data/1466301/000119312520322377/d47125d8k.htm","","NCT02855944","https://clinicaltrials.gov/study/NCT02855944?tab=history&a=22","22","2020-12-10","Investigator-assessed progression-free survival; overall survival was secondary.","yes","pre_release_registry_definition_and_contemporaneous_company_results","2","Reports primary PFS success. Acknowledges an interim OS trend favoring chemotherapy, then emphasizes crossover and favorable survival among patients ever exposed to the study drug versus never exposed.","Efficacy-population median PFS: 7.4 versus 5.7 months, HR 0.639, p=0.0010. The intention-to-treat PFS analysis also achieved significance. Interim randomized OS trended toward chemotherapy.","The exposure-based survival comparison offers excessive reassurance relative to randomized OS. Regrouping by subsequent treatment loses randomization and can introduce selection and timing bias. Genuine PFS success and OS-trend disclosure limit severity to 2.","Immature OS findings do not establish significant survival harm at this announcement. Crossover complicates interpretation but does not itself demonstrate benefit.","","registry_comparison","false","initial_readout_status_not_independently_audited","","0: Accurate primary-result framing without material positive reinterpretation. 1: Mild promotional emphasis with the primary result accurately represented. 2: Meaningful positive reframing through secondary outcomes, biomarkers, subgroups, or extrapolation while acknowledging main limitations. 3: Substantial positive reinterpretation giving alternative analyses more evidential weight than the primary result supports. 4: Conceals, contradicts, or effectively misrepresents the primary result as success."
"HL009","EVT008","Conatus Pharmaceuticals","ENCORE-PH program update","2019-03-08","8-K Exhibit 99.1","https://www.sec.gov/Archives/edgar/data/1383701/000117184319001602/exh_991.htm","https://www.globenewswire.com/news-release/2018/12/05/1662325/0/en/Conatus-Announces-Results-from-ENCORE-PH-Phase-2b-Clinical-Trial-in-NASH-Cirrhosis.html","NCT02960204","https://clinicaltrials.gov/study/NCT02960204?tab=history&a=8","8","2018-04-30","Mean change in hepatic venous pressure gradient at Week 24 for ENCORE-PH.","no","pre_release_registry_definition_and_contemporaneous_company_results","2","Acknowledges ENCORE-PH primary failure while emphasizing favorable trends and clinically meaningful effects from post hoc analyses, especially compensated patients with higher baseline HVPG.","ENCORE-PH failed the overall primary endpoint. The update supplies no numerical estimates or uncertainty measures for the favorable subgroup interpretation. ENCORE-NF and ENCORE-LF outcomes remained pending.","Post hoc findings materially soften the failed overall result, supporting 2. Explicit failure disclosure and post hoc designation keep the score below 3.","The analyses are described as post hoc, but the compensated subpopulation is described as prespecified. This is a repeat of results originally announced in December 2018, not a new initial readout.","ENCORE-NF: primary_endpoint_met=unclear, results pending. ENCORE-LF: primary_endpoint_met=unclear, results pending. Neither pending program receives the ENCORE-PH failure label.","registry_comparison","false","repeat_of_ENCORE_PH_readout_originally_announced_2018_12_05","","0: Accurate primary-result framing without material positive reinterpretation. 1: Mild promotional emphasis with the primary result accurately represented. 2: Meaningful positive reframing through secondary outcomes, biomarkers, subgroups, or extrapolation while acknowledging main limitations. 3: Substantial positive reinterpretation giving alternative analyses more evidential weight than the primary result supports. 4: Conceals, contradicts, or effectively misrepresents the primary result as success."
"HL010","EVT009","CytoDyn","CD12","2021-03-08","8-K Exhibit 99.1 executive summary","https://www.sec.gov/Archives/edgar/data/1175680/000119312521073448/d145217dex991.htm","https://www.sec.gov/Archives/edgar/data/1175680/000119312521073448/d145217d8k.htm","NCT04347239","https://clinicaltrials.gov/study/NCT04347239?tab=history&a=12","12","2020-11-16","All-cause mortality at Day 28.","no","pre_release_registry_definition_and_contemporaneous_company_results","4","Presents survival benefit as evident, promotes selected concomitant-treatment analyses, and calls a dexamethasone result with p=0.0552 statistically significant. Conclusions promote life-saving potential without plainly acknowledging failure to establish primary benefit.","Overall mITT mortality: 53/259 versus 27/125. Table 4-3 adjusted OR 0.70, 95% CI 0.39-1.25. The common-treatment subset reports p=0.0319. Dexamethasone subset p=0.0552, with a confidence interval crossing 1 in Table 4-15.","Unestablished overall primary benefit is presented as demonstrated survival benefit, alongside a statistical-significance misstatement. This supports the highest score under the rubric.","Unfavorable overall numbers are disclosed in tables, not entirely hidden. No overall primary p-value is invented. Failure to establish benefit does not prove no effect. Score the clinical exhibit, not its administrative cover. Report dated March 4; filing dated March 8.","","registry_comparison","false","initial_readout_status_not_independently_audited","","0: Accurate primary-result framing without material positive reinterpretation. 1: Mild promotional emphasis with the primary result accurately represented. 2: Meaningful positive reframing through secondary outcomes, biomarkers, subgroups, or extrapolation while acknowledging main limitations. 3: Substantial positive reinterpretation giving alternative analyses more evidential weight than the primary result supports. 4: Conceals, contradicts, or effectively misrepresents the primary result as success."
"HL011","EVT010","Aptinyx","NYX-2925 painful diabetic peripheral neuropathy","2022-04-07","8-K Exhibit 99.1","https://www.sec.gov/Archives/edgar/data/1674365/000110465922043425/tm2212134d1_ex99-1.htm","https://www.sec.gov/Archives/edgar/data/1674365/000110465922043425/tm2212134d1_8k.htm","NCT04146896","https://clinicaltrials.gov/study/NCT04146896?tab=history&a=28","28","2021-10-28","Change from baseline in the weekly mean of daily average-pain NRS scores at Week 12.","no","pre_release_registry_definition_and_contemporaneous_company_results","0","Subtitle, opening paragraph, results section, and management commentary consistently disclose primary failure and lack of a supported development path in this indication.","Trial enrolled 229 patients receiving 50 mg or placebo. No significant separation on the primary endpoint or other pain endpoints. Safety is described favorably without being used to establish efficacy. A separate fibromyalgia readout remained pending.","Negative efficacy is prominently and consistently disclosed without subgroup or secondary-endpoint rescue. A failed trial can receive zero spin.","Optimism about a separate pending study is not presented as evidence this trial succeeded. Do not infer exact effect sizes or p-values that are not supplied.","","registry_comparison","false","initial_readout_status_not_independently_audited","","0: Accurate primary-result framing without material positive reinterpretation. 1: Mild promotional emphasis with the primary result accurately represented. 2: Meaningful positive reframing through secondary outcomes, biomarkers, subgroups, or extrapolation while acknowledging main limitations. 3: Substantial positive reinterpretation giving alternative analyses more evidential weight than the primary result supports. 4: Conceals, contradicts, or effectively misrepresents the primary result as success."
"HL012","EVT011","Aptinyx","NYX-2925 fibromyalgia","2022-08-12","8-K Exhibit 99.1","https://www.sec.gov/Archives/edgar/data/1674365/000110465922089678/tm2223304d1_ex99-1.htm","","NCT04147858","https://clinicaltrials.gov/study/NCT04147858?tab=history&a=40","40","2022-03-15","Change from baseline to Week 12 in the weekly mean of daily average-pain NRS scores.","no","pre_release_registry_definition_and_contemporaneous_company_results","0","Reports primary failure for both doses, acknowledges disappointment, and redirects resources. Mentions earlier improvement while explicitly explaining the lack of clinically meaningful separation at Week 12.","Neither 50 mg nor 100 mg separated significantly from placebo at Week 12. An earlier Week-4 trend is reported, but the release explains that increased placebo response eliminated clinically meaningful separation at the primary time point.","The earlier signal is explicitly qualified and does not become a success narrative. Clear primary-failure disclosure supports zero spin even though a trend is mentioned.","A trend keyword alone is not evidence of spin. Do not replace the Week-12 primary result with Week-4 findings.","","registry_comparison","true","initial_readout_status_not_independently_audited","","0: Accurate primary-result framing without material positive reinterpretation. 1: Mild promotional emphasis with the primary result accurately represented. 2: Meaningful positive reframing through secondary outcomes, biomarkers, subgroups, or extrapolation while acknowledging main limitations. 3: Substantial positive reinterpretation giving alternative analyses more evidential weight than the primary result supports. 4: Conceals, contradicts, or effectively misrepresents the primary result as success."
"HL013","EVT012","Axcella Therapeutics","AXA1125 Long COVID Phase 2a","2022-08-02","8-K Item 8.01","https://www.sec.gov/Archives/edgar/data/1633070/000110465922085175/tm2222343d1_8k.htm","","NCT05152849","https://clinicaltrials.gov/study/NCT05152849?tab=history&a=3","3","2022-06-07","Change from baseline at Week 4 in phosphocreatine recovery following moderate exercise, assessed by phosphorus magnetic resonance spectroscopy.","no","pre_release_registry_definition_and_contemporaneous_company_results","3","Admits the exploratory primary endpoint was missed, but prioritizes clinically relevant fatigue improvement and argues that baseline variability limits the usefulness of the primary measure.","Forty-one randomized patients. No significant between-group primary PCr difference. Secondary fatigue total-score difference -4.30, p=0.0039. Lactate p=0.0730 is described as a trend. Fatigue/walking association p=0.0027 is within the active arm.","Elevating secondary symptoms and discounting the failed primary measure materially shifts interpretation toward success. Failure is acknowledged only after the secondary results are presented as the main finding, so the score is 3.","Within-arm fatigue/walking correlation does not establish significant treatment-versus-placebo walking efficacy. A lactate trend is not significant at 0.05.","","registry_comparison","false","same_readout_as_HL014","Revised 2 to 3: leads with secondary fatigue results, calls the registered primary endpoint exploratory, and reports the primary failure only after the secondary results.","0: Accurate primary-result framing without material positive reinterpretation. 1: Mild promotional emphasis with the primary result accurately represented. 2: Meaningful positive reframing through secondary outcomes, biomarkers, subgroups, or extrapolation while acknowledging main limitations. 3: Substantial positive reinterpretation giving alternative analyses more evidential weight than the primary result supports. 4: Conceals, contradicts, or effectively misrepresents the primary result as success."
"HL014","EVT012","Axcella Therapeutics","AXA1125 Long COVID Phase 2a","2022-08-02","8-K Exhibit 99.2 presentation","https://www.sec.gov/Archives/edgar/data/1633070/000110465922085175/tm2222343d1_ex99-2.htm","https://www.sec.gov/Archives/edgar/data/1633070/000110465922085175/tm2222343d1_8k.htm","NCT05152849","https://clinicaltrials.gov/study/NCT05152849?tab=history&a=3","3","2022-06-07","Change from baseline at Week 4 in phosphocreatine recovery following moderate exercise, assessed by phosphorus magnetic resonance spectroscopy.","no","pre_release_registry_definition_and_contemporaneous_company_results","3","Foregrounds fatigue improvement and describes the failed primary measure as nonviable for clinical trials. Promotes walking improvement in responders and closes with strong statements about clinical relevance.","Slides 21 and 28 identify the primary endpoint and disclose no between-group difference. Slide 25 fatigue p=0.0039. Slide 27 shows within-arm fatigue/walking correlation, active-arm Spearman r=-0.621, p=0.0027, rather than a treatment-versus-placebo walking efficacy test.","Secondary-result reframing and demotion of the failed primary measure support 3. Explicit disclosure of primary nonseparation limits the score below 4.","The correlation is not a randomized walking comparison. Keep this presentation in the same event group as the 8-K to avoid duplicate weighting.","","registry_comparison","false","companion_document_same_readout_as_HL013","Revised 2 to 3: same reasons as HL013; also calls the registered primary endpoint nonviable.","0: Accurate primary-result framing without material positive reinterpretation. 1: Mild promotional emphasis with the primary result accurately represented. 2: Meaningful positive reframing through secondary outcomes, biomarkers, subgroups, or extrapolation while acknowledging main limitations. 3: Substantial positive reinterpretation giving alternative analyses more evidential weight than the primary result supports. 4: Conceals, contradicts, or effectively misrepresents the primary result as success."
"HL015","EVT013","Ocuphire Pharma","LYNX-1 within multi-trial corporate presentation","2022-05-19","8-K Exhibit 99.1 presentation","https://www.sec.gov/Archives/edgar/data/1228627/000114036122019865/brhc10037887_ex99-1.htm","","NCT04638660","https://clinicaltrials.gov/study/NCT04638660?tab=history&a=14","14","2022-05-02","Percent gaining at least 15 ETDRS letters (three lines) in mesopic low-contrast visual acuity in the study eye at Day 8, compared with baseline.","yes","pre_release_registry_definition_and_contemporaneous_company_results","1","Correctly reports LYNX-1 primary success, distinguishes the stronger Day-15 result, and suggests potential competitive superiority using cross-trial comparisons with caveats.","LYNX-1 Day-8 responders: 13% versus 3%, p<0.05. Day-15 responders: 21% versus 3%, p<0.01. Cross-trial comparisons acknowledge differences in patients, lighting, dosing, and timing.","Primary success matches registration. Qualified superiority suggestions from separate trials support mild spin. The score is scoped to LYNX-1 and the presentation framing, not a claim that every trial in the deck has the same outcome.","Mixed-trial deck is excluded from default few-shot examples. VEGA-1 exact primary time point remains unresolved by the broad registry wording; do not assert endpoint switching. MIRA-4 efficacy is secondary, not primary.","[{""trial"":""MIRA-2"",""nct_id"":""NCT04620213"",""registry_history_url"":""https://clinicaltrials.gov/study/NCT04620213?tab=history&a=6"",""primary_endpoint"":""Pupil diameter return within 0.2 mm of baseline at 90 minutes"",""primary_endpoint_met"":""yes"",""reported_result"":""49% versus 7%, p<0.0001""},{""trial"":""MIRA-3"",""nct_id"":""NCT05134974"",""registry_history_url"":""https://clinicaltrials.gov/study/NCT05134974?tab=history&a=5"",""primary_endpoint"":""Pupil diameter return within 0.2 mm of baseline at 90 minutes"",""primary_endpoint_met"":""yes"",""reported_result"":""58% versus 6%, p<0.0001""},{""trial"":""MIRA-4"",""nct_id"":""NCT05223478"",""registry_history_url"":""https://clinicaltrials.gov/study/NCT05223478?tab=history&a=5"",""primary_endpoint"":""Multiple safety measurements"",""primary_endpoint_met"":""unclear"",""reported_result"":""Safety findings described favorably. Pupil reversal 64% versus 25%, p<0.0001, is a secondary efficacy result, not proof that primary safety endpoints were met.""},{""trial"":""VEGA-1"",""nct_id"":""NCT04675151"",""registry_history_url"":""https://clinicaltrials.gov/study/NCT04675151?tab=history&a=8"",""primary_endpoint"":""Percent gaining >=15 letters in photopic binocular distance-corrected near visual acuity, time frame up to six hours"",""primary_endpoint_met"":""unclear"",""reported_result"":""Deck identifies one hour as primary, 60% responders, p=0.004. Broad historical timing alone does not resolve exact primary time point or establish switching.""},{""trial"":""ZETA-1"",""nct_id"":""NCT04692688"",""primary_endpoint"":""At least two-step DRSS improvement at Week 24"",""primary_endpoint_met"":""unclear"",""reported_result"":""Primary readout pending in this presentation.""}]","registry_comparison_scope_limited","false","multi_trial_presentation_with_new_LYNX1_results","","0: Accurate primary-result framing without material positive reinterpretation. 1: Mild promotional emphasis with the primary result accurately represented. 2: Meaningful positive reframing through secondary outcomes, biomarkers, subgroups, or extrapolation while acknowledging main limitations. 3: Substantial positive reinterpretation giving alternative analyses more evidential weight than the primary result supports. 4: Conceals, contradicts, or effectively misrepresents the primary result as success."
