adsh,company,release_date,accepted,reason
0001453687-18-000071,SELECTA BIOSCIENCES INC  (RNAC)  (CIK 0001453687),2018-05-02,2018-10-23T07:10:46,8-K filed more than 7 days after release (date unverified)
0001193125-19-001889,AERIE PHARMACEUTICALS INC  (CIK 0001337553),2018-05-02,2019-01-04T06:40:35,8-K filed more than 7 days after release (date unverified)
0001553350-19-000022,"HEAT BIOLOGICS, INC.  (SCPX)  (CIK 0001476963)",2018-01-08,2019-01-08T16:30:15,8-K filed more than 7 days after release (date unverified)
0001564590-19-022659,PhaseBio Pharmaceuticals Inc  (PHASQ)  (CIK 0001169245),2019-03-17,2019-06-17T16:05:38,8-K filed more than 7 days after release (date unverified)
0001193125-19-189296,"Unity Biotechnology, Inc.  (UBX)  (CIK 0001463361)",2019-06-18,2019-07-03T17:06:03,8-K filed more than 7 days after release (date unverified)
0001493152-20-019695,MATEON THERAPEUTICS INC  (OTLC)  (CIK 0000908259),2020-09-21,2020-10-21T08:46:22,8-K filed more than 7 days after release (date unverified)
0001069530-20-000064,CASSAVA SCIENCES INC  (SAVA)  (CIK 0001069530),2020-11-07,2020-11-04T17:02:32,release date after SEC filing (contradiction)
0001739614-21-000002,"Inhibrx, Inc.  (CIK 0001739614)",2021-01-05,2021-01-04T19:20:19,release date after SEC filing (contradiction)
0001493152-21-001207,MATEON THERAPEUTICS INC  (OTLC)  (CIK 0000908259),2020-12-13,2021-01-15T17:29:39,8-K filed more than 7 days after release (date unverified)
0001193125-21-084866,"Sage Therapeutics, Inc.  (SAGE)  (CIK 0001597553)",2020-03-17,2021-03-18T06:55:01,8-K filed more than 7 days after release (date unverified)
0001214659-21-003517,"HUMANIGEN, INC  (CIK 0001293310)",2021-04-01,2021-03-29T09:18:41,release date after SEC filing (contradiction)
0001193125-21-195039,"Oric Pharmaceuticals, Inc.  (ORIC)  (CIK 0001796280)",2021-06-02,2021-06-21T16:06:18,8-K filed more than 7 days after release (date unverified)
0001193125-22-135307,"Tarsus Pharmaceuticals, Inc.  (TARS)  (CIK 0001819790)",2022-01-01,2022-05-02T07:06:00,8-K filed more than 7 days after release (date unverified)
0001493152-22-012893,"Lineage Cell Therapeutics, Inc.  (LCTX)  (CIK 0000876343)",2022-05-03,2022-05-11T19:54:49,8-K filed more than 7 days after release (date unverified)
0001368148-22-000060,"ATHERSYS, INC / NEW  (ATHXQ)  (CIK 0001368148)",2022-05-20,2022-06-02T16:09:25,8-K filed more than 7 days after release (date unverified)
0000950170-23-001771,"Cyteir Therapeutics, Inc.  (CIK 0001662244)",2023-01-19,2023-02-03T16:06:32,8-K filed more than 7 days after release (date unverified)
0001193125-23-081351,"Intra-Cellular Therapies, Inc.  (ITCI)  (CIK 0001567514)",2022-03-28,2023-03-28T07:12:01,8-K filed more than 7 days after release (date unverified)
0001193125-23-171254,"IGM Biosciences, Inc.  (IGMS)  (CIK 0001496323)",2023-06-02,2023-06-21T16:59:59,8-K filed more than 7 days after release (date unverified)
0001104659-23-076314,"Bellerophon Therapeutics, Inc.  (BLPH)  (CIK 0001600132)",2023-06-05,2023-06-29T16:06:11,8-K filed more than 7 days after release (date unverified)
0001104659-23-109256,"SELLAS Life Sciences Group, Inc.  (SLS)  (CIK 0001390478)",2022-10-16,2023-10-16T08:51:49,8-K filed more than 7 days after release (date unverified)
0001193125-23-303786,Royalty Pharma plc  (RPRX)  (CIK 0001802768),2024-01-07,2023-12-27T13:05:00,release date after SEC filing (contradiction)
0001185185-24-000360,"IGC Pharma, Inc.  (IGC)  (CIK 0001326205)",2024-03-20,2024-04-05T11:33:15,8-K filed more than 7 days after release (date unverified)
0001193125-24-161089,"Cabaletta Bio, Inc.  (CABA)  (CIK 0001759138)",2024-06-01,2024-06-14T06:06:37,8-K filed more than 7 days after release (date unverified)
0001104659-24-076382,"Rezolute, Inc.  (RZLT)  (CIK 0001509261)",2024-05-21,2024-06-28T17:15:41,8-K filed more than 7 days after release (date unverified)
0001193125-24-260425,"Cabaletta Bio, Inc.  (CABA)  (CIK 0001759138)",2024-11-01,2024-11-18T07:05:36,8-K filed more than 7 days after release (date unverified)
0001193125-24-273467,REGENXBIO Inc.  (RGNX)  (CIK 0001590877),2024-11-18,2024-12-09T16:45:54,8-K filed more than 7 days after release (date unverified)
0001193125-25-003574,DBV Technologies S.A.  (DBVT)  (CIK 0001613780),2025-01-09,2025-01-08T17:30:04,release date after SEC filing (contradiction)
0001437749-25-001459,"Vaxart, Inc.  (VXRT)  (CIK 0000072444)",2025-01-13,2025-01-21T09:41:24,8-K filed more than 7 days after release (date unverified)
0001628280-25-003753,CUMBERLAND PHARMACEUTICALS INC  (CPIX)  (CIK 0001087294),2025-02-05,2025-02-04T16:37:34,release date after SEC filing (contradiction)
0001641172-25-000537,"Oncotelic Therapeutics, Inc.  (OTLC)  (CIK 0000908259)",2025-03-01,2025-03-25T10:30:28,8-K filed more than 7 days after release (date unverified)
0001171843-25-006690,"Edesa Biotech, Inc.  (EDSA)  (CIK 0001540159)",2025-10-08,2025-10-28T07:45:26,8-K filed more than 7 days after release (date unverified)
0001193125-25-256958,"Tectonic Therapeutic, Inc.  (TECX)  (CIK 0001681087)",2025-10-01,2025-10-29T19:28:46,8-K filed more than 7 days after release (date unverified)
0001404644-25-000098,Neurogene Inc.  (NGNE)  (CIK 0001404644),2025-11-01,2025-11-12T17:11:44,8-K filed more than 7 days after release (date unverified)
0001193125-25-307541,"BioAge Labs, Inc.  (BIOA)  (CIK 0001709941)",2025-12-05,2025-12-04T09:05:24,release date after SEC filing (contradiction)
0001104659-26-001556,"Rezolute, Inc.  (RZLT)  (CIK 0001509261)",2025-01-07,2026-01-07T06:10:48,8-K filed more than 7 days after release (date unverified)
0001193125-26-043755,NEKTAR THERAPEUTICS  (NKTR)  (CIK 0000906709),2025-02-10,2026-02-10T08:05:41,8-K filed more than 7 days after release (date unverified)
0001213900-26-015795,"Vyome Holdings, Inc  (HIND)  (CIK 0001427570)",2026-02-01,2026-02-12T21:16:02,8-K filed more than 7 days after release (date unverified)
