adsh,spin_keyword
0001104659-18-029542,0
0001493152-18-006526,1
0001437749-18-009447,0
0001564590-18-013520,1
0001564590-18-013716,2
0001171843-18-004015,0
0001104659-18-033970,2
0001628280-18-007001,2
0001485003-18-000075,0
0001104659-18-034636,0
0001615774-18-004308,0
0001193125-18-172007,0
0001564590-18-014356,1
0001104659-18-036423,0
0001193125-18-177717,1
0001193125-18-179489,0
0001104659-18-036933,0
0001193125-18-182618,2
0001193125-18-185821,1
0001193125-18-182449,1
0001640455-18-000064,1
0001104659-18-037792,0
0001193125-18-182602,0
0001193125-18-182600,0
0001193125-18-182405,0
0001193125-18-182512,1
0001615774-18-004763,1
0001193125-18-182566,0
0001171843-18-004400,0
0001654954-18-006261,1
0001437749-18-011261,1
0001193125-18-183849,0
0001280600-18-000035,1
0001104659-18-038489,0
0001193125-18-185615,4
0001171843-18-004545,0
0001178913-18-001893,0
0001564590-18-015482,1
0001493152-18-008575,1
0001564590-18-015655,0
0001171843-18-004660,3
0001171843-18-004688,0
0001171843-18-004697,3
0001564590-18-015793,1
0001193125-18-198673,1
0001193125-18-201664,1
0001437749-18-012318,2
0001193125-18-203109,0
0001193125-18-205087,1
0001193125-18-204812,0
0001193125-18-206538,0
0001104659-18-042589,1
0001193125-18-205700,2
0001144204-18-036399,0
0001654954-18-007269,3
0001104659-18-043916,0
0001193125-18-214220,1
0001437749-18-013068,1
0001280600-18-000046,0
0001104659-18-044447,1
0001104659-18-044790,3
0001193125-18-216483,2
0001564590-18-016892,0
0001144204-18-038672,0
0001193125-18-220636,0
0001564590-18-017084,0
0001104659-18-046458,2
0001104659-18-047412,0
0001193125-18-225295,2
0001654954-18-008007,0
0001493152-18-010414,0
0001193125-18-224701,2
0001564590-18-017423,0
0001171843-18-005403,0
0001100412-18-000015,0
0001615774-18-006927,0
0001714899-18-000003,0
0001564590-18-019277,3
0001600132-18-000128,0
0001104659-18-050259,1
0001144204-18-044482,0
0001144204-18-044009,0
0001193125-18-249109,0
0001144204-18-045577,0
0001104659-18-053610,1
0001012477-18-000025,1
0001564590-18-022422,0
0001193125-18-265020,1
0001171843-18-006354,2
0001144204-18-047702,0
0001564590-18-022572,1
0001193125-18-266656,0
0001104659-18-055203,0
0001144204-18-048216,1
0001171843-18-006497,1
0001437749-18-016923,1
0001193125-18-271781,2
0001615774-18-009490,0
0001104659-18-057064,2
0001104659-18-057358,1
0001564590-18-023246,1
0001193125-18-278131,0
0001104659-18-057922,0
0001171843-18-006672,0
0001144204-18-050260,1
0001193125-18-280561,2
0001193125-18-280420,0
0001564590-18-023519,0
0001193125-18-281789,1
0001564590-18-023539,0
0001193125-18-288517,1
0001104659-18-059771,1
0001070081-18-000071,1
0001437749-18-017999,1
0001104659-18-060642,0
0001144204-18-052845,0
0001564590-18-024047,0
0001144204-18-053318,0
0001654954-18-011171,2
0001213900-18-013884,1
0001193125-18-298897,1
0001564590-18-024362,2
0001193125-18-301087,1
0001193125-18-303052,0
0001193125-18-303690,1
0001564590-18-024573,1
0001453687-18-000069,0
0001104659-18-063175,1
0001104659-18-063179,0
0001171843-18-007233,0
0001144204-18-054946,0
0001140361-18-041664,0
0001193125-18-308090,2
0001104659-18-064280,0
0001104659-18-064473,0
0001561743-18-000086,0
0001193125-18-312991,3
0001062993-18-004299,1
0001193125-18-317364,1
0001493152-18-015235,0
0001193125-18-318390,0
0001104659-18-066525,2
0001126234-18-000145,1
0001193125-18-323130,0
0001193125-18-324645,3
0001564590-18-029055,0
0001437749-18-020646,2
0001104659-18-068277,1
0001104659-18-068675,1
0001193125-18-329424,1
0001213900-18-016269,1
0001714899-18-000020,0
0001144204-18-061521,2
0001193125-18-334098,1
0001193125-18-337148,2
0001193125-18-338506,0
0001564590-18-030377,1
0001104659-18-070939,1
0001193125-18-340357,2
0001558370-18-009542,2
0001104659-18-070938,0
0001410578-18-000568,1
0001193125-18-341091,0
0001171843-18-008354,1
0001280600-18-000065,1
0001193125-18-341242,0
0001410578-18-000570,1
0001126234-18-000149,1
0001564590-18-030395,1
0001193125-18-341161,2
0001654954-18-013524,1
0001193125-18-341083,1
0001193125-18-341645,0
0001193125-18-342992,0
0001171843-18-008331,4
0001104659-18-071355,2
0001564590-18-030709,1
0001104659-18-071959,0
0001193125-18-346177,1
0001104659-18-072101,2
0001564590-18-030737,1
0001193125-18-347337,0
0001104659-18-072585,2
0001193125-18-348318,0
0001104659-18-072952,1
0001477932-18-006009,0
0001437749-18-022078,0
0001618835-18-000135,1
0001564590-18-030969,2
0001558370-18-009730,0
0001193125-18-351272,1
0001193125-18-351544,0
0001193125-18-352716,2
0001193125-18-353929,0
0001144204-18-065510,0
0001104659-18-074466,2
0001564590-18-031301,1
0001193125-18-362273,1
0001144204-19-000147,0
0001193125-19-001151,0
0001193125-19-001094,0
0001453687-19-000002,0
0001564590-19-000243,1
0001600132-19-000020,1
0001561743-19-000003,0
0001104659-19-002008,4
0001193125-19-010961,2
0001193125-19-012092,1
0001144204-19-002174,0
0001140361-19-001362,0
0001564590-19-001269,0
0001171843-19-000573,1
0001144204-19-003625,0
0001104659-19-004865,1
0001493152-19-001233,1
0001144204-19-004918,1
0001104659-19-005571,1
0001125345-19-000012,0
0001193125-19-031637,0
0001104659-19-007141,0
0001193125-19-035877,0
0001615774-19-002632,0
0001144204-19-009885,2
0001564590-19-003668,0
0001564590-19-004252,3
0001144204-19-009850,1
0001144204-19-010780,2
0001654954-19-002047,0
0001193125-19-056253,0
0001553350-19-000179,3
0001193125-19-055871,1
0001615774-19-003462,0
0001564590-19-005930,0
0001193125-19-062224,0
0000792977-19-000050,1
0001104659-19-013732,3
0001193125-19-077488,2
0001104659-19-015410,2
0001193125-19-077442,0
0001104659-19-015610,0
0001564590-19-008654,2
0001171843-19-001889,0
0001193125-19-084285,0
0001193125-19-084341,0
0001659617-19-000030,1
0001144204-19-016088,0
0001564590-19-009692,0
0001193125-19-089251,1
0001171843-19-002031,0
0001595585-19-000060,0
0001654954-19-003766,2
0001193125-19-094145,1
0001193125-19-094135,0
0001651308-19-000031,0
0001654954-19-004073,0
0001280600-19-000017,0
0001564590-19-010958,2
0001104659-19-020230,0
0001564590-19-011445,1
0001193125-19-105182,0
0001104659-19-021219,0
0001193125-19-107259,2
0001193125-19-119188,1
0001104659-19-024280,0
0001493152-19-006051,1
0001213900-19-007374,1
0001564590-19-014708,3
0001144204-19-022661,0
0001193125-19-134882,0
0001564590-19-014883,0
0001654954-19-005208,1
0001171843-19-002975,3
0001104659-19-026958,2
0001104659-19-027408,2
0001104659-19-027407,0
0001104659-19-027293,0
0001564590-19-016491,0
0001659617-19-000062,1
0001564590-19-016785,0
0001104659-19-028486,0
0001493152-19-006739,0
0001193125-19-146046,0
0001193125-19-148632,0
0001193125-19-148650,0
0001193125-19-149994,0
0001104659-19-030423,2
0001100412-19-000023,0
0001104659-19-030555,0
0001171843-19-003529,0
0001583648-19-000028,0
0001213900-19-009469,0
0001193125-19-158835,2
0001437749-19-011160,1
0001193125-19-164088,0
0001193125-19-163365,1
0001558370-19-005447,1
0001171843-19-003763,0
0001144204-19-029339,0
0001193125-19-163337,1
0001564590-19-021520,1
0001493152-19-008650,0
0001493152-19-008907,0
0001410578-19-000294,4
0001193125-19-171254,4
0001104659-19-035218,0
0001564590-19-022455,3
0001193125-19-173019,1
0001193125-19-173040,1
0001171843-19-003994,3
0001564590-19-022611,0
0001558370-19-005736,1
0001651308-19-000063,1
0001144204-19-031390,1
0000939767-19-000144,0
0001437749-19-012278,3
0001193125-19-179370,0
0001171843-19-004145,1
0001558370-19-005869,0
0001193125-19-181947,2
0001558370-19-005901,0
0001437749-19-012879,1
0001193125-19-183398,0
0001564590-19-023957,0
0001104659-19-038107,0
0001104659-19-039704,1
0001193125-19-189981,2
0001193125-19-190905,3
0001144204-19-034627,1
0001193125-19-193574,1
0001694187-19-000056,1
0001104659-19-040934,0
0001659617-19-000114,0
0001144204-19-035266,1
0001213900-19-013239,2
0001104659-19-041197,2
0001193125-19-199353,1
0001193125-19-200528,3
0001144204-19-035881,1
0001564590-19-025941,2
0001193125-19-204244,2
0001564590-19-026439,1
0001193125-19-204788,3
0001564590-19-026738,0
0001558370-19-006557,1
0001193125-19-207763,1
0001178879-19-000060,0
0001564590-19-028511,3
0001558370-19-007085,0
0001640334-19-001540,0
0001104659-19-044424,2
0001104659-19-045001,0
0001193125-19-219468,2
0001104659-19-046145,0
0001564590-19-032608,0
0001104659-19-046600,0
0001410578-19-000970,0
0001213900-19-016975,1
0001564590-19-033820,0
0001104659-19-048359,0
0001193125-19-235868,0
0001193125-19-235863,0
0001564590-19-033927,0
0001193125-19-237824,0
0001558370-19-008490,1
0001193805-19-000797,0
0001171843-19-005858,1
0001193125-19-240440,0
0001144204-19-043868,0
0001628280-19-011560,0
0001193125-19-243385,0
0001193125-19-243345,0
0001654954-19-010620,0
0001493152-19-014284,0
0001144204-19-044706,2
0001280600-19-000048,0
0001564590-19-034836,0
0001104659-19-050481,2
0001104659-19-050671,1
0000944809-19-000060,1
0001493152-19-014410,2
0001144204-19-045690,0
0001104659-19-051291,2
0001564590-19-035318,0
0001654954-19-011103,1
0001558370-19-008729,4
0001193125-19-258123,0
0001193125-19-258364,3
0001193125-19-258069,3
0001104659-19-051888,1
0001193125-19-259970,1
0001370053-19-000035,0
0001651308-19-000092,0
0001410578-19-001500,0
0001193125-19-260354,1
0001564590-19-036139,0
0001493152-19-014865,1
0001140361-19-017653,0
0001193125-19-262065,0
0001193125-19-263227,0
0001564590-19-036522,3
0001628280-19-012219,2
0001193125-19-265503,0
0001193125-19-266891,1
0001564590-19-036888,1
0001493152-19-015458,1
0001564590-19-036894,0
0001213900-19-020388,2
0001213900-19-020718,2
0001193125-19-269686,2
0001564590-19-037206,0
0001600132-19-000141,0
0001636050-19-000089,1
0001193125-19-272040,2
0001193125-19-273138,1
0001493152-19-015917,0
0001104659-19-056422,1
0001564590-19-038263,1
0001410939-19-000053,0
0001654954-19-012023,0
0001171843-19-006859,0
0001193125-19-276327,1
0001193125-19-277684,2
0001193125-19-276931,0
0001193125-19-276192,2
0001193125-19-278423,1
0001564590-19-038415,1
0001104659-19-057505,3
0001553350-19-001123,0
0001583648-19-000070,1
0001193125-19-283989,0
0001457612-19-000137,0
0001171843-19-007216,2
0001193125-19-286673,2
0001193125-19-285878,0
0001193125-19-285901,0
0001564590-19-042158,1
0001193125-19-289086,0
0001213900-19-022717,1
0001193125-19-289408,4
0001557142-19-000082,1
0001193125-19-291076,0
0001628280-19-014171,0
0001654954-19-012881,0
0001193125-19-292868,1
0001193125-19-293984,2
0001193125-19-293845,2
0001193125-19-295582,2
0001659617-19-000177,1
0001193125-19-295192,0
0001564590-19-043921,0
0001104659-19-065650,0
0001564590-19-043923,0
0001193125-19-298670,3
0001651308-19-000123,0
0001193125-19-299865,0
0000920465-19-000166,0
0001140361-19-021505,0
0001618835-19-000208,0
0001104659-19-069244,0
0001193125-19-304803,0
0001193125-19-304808,0
0001104659-19-069243,0
0001193125-19-306717,1
0001654954-19-013694,1
0001193125-19-308661,1
0001558370-19-011419,0
0001193125-19-308602,1
0001193125-19-308678,1
0001193125-19-309199,0
0000950123-19-011815,1
0001651308-19-000131,0
0001564590-19-045493,0
0001104659-19-070818,0
0001654954-19-013703,0
0001171843-19-008008,1
0001564590-19-045479,0
0001193125-19-308386,1
0001171843-19-008006,0
0001564590-19-045581,1
0001280600-19-000061,0
0001104659-19-070959,1
0001104659-19-071679,2
0001193125-19-312200,2
0001564590-19-045783,2
0001193125-19-313488,0
0001193125-19-314015,0
0001558370-19-011521,2
0001193125-19-314469,0
0001193125-19-315680,1
0001213900-19-026351,0
0001193125-19-318478,0
0001193125-19-317563,0
0001559053-19-000040,1
0001437749-19-024760,0
0001493152-19-019764,0
0001558370-19-011695,1
0001193125-19-325442,0
0001564590-20-000064,0
0001467154-20-000002,1
0001193125-20-002622,1
0001193125-20-003545,2
0001558370-20-000074,0
0001654954-20-000304,1
0001564590-20-000633,1
0001493152-20-000447,1
0001193125-20-005950,1
0001104659-20-003255,0
0001193125-20-005937,1
0001104659-20-003162,1
0001714899-20-000005,2
0001651308-20-000008,0
0001193125-20-011478,1
0001437749-20-001132,0
0001628280-20-000533,0
0001104659-20-006911,0
0001280600-20-000005,0
0001193125-20-016998,1
0001104659-20-009450,1
0001104659-20-009488,1
0001659617-20-000023,1
0001178879-20-000006,0
0001193125-20-027291,1
0001104659-20-012235,1
0001564590-20-003759,0
0001193125-20-029771,1
0001628280-20-001467,0
0001171843-20-000943,0
0001477932-20-000606,0
0001193125-20-039763,0
0001600132-20-000012,0
0001104659-20-022587,0
0001493152-20-002783,0
0001654954-20-001787,2
0001564590-20-005893,3
0001193125-20-045535,0
0001104659-20-024053,2
0001213900-20-004778,0
0001193125-20-049300,2
0001104659-20-025079,3
0001193125-20-057801,0
0001493152-20-003250,0
0001104659-20-030426,1
0001280600-20-000017,1
0001564590-20-009472,0
0001654954-20-002581,0
0001493152-20-004113,0
0001493152-20-004116,0
0001213900-20-006814,0
0001104659-20-037367,1
0001104659-20-037764,0
0001171843-20-002125,0
0001104659-20-040002,2
0001564590-20-013857,2
0001213900-20-008122,1
0001104659-20-040850,0
0001104659-20-041258,2
0001193125-20-091094,3
0001104659-20-040376,3
0001399529-20-000018,1
0001564590-20-014775,0
0001104659-20-043387,1
0001104659-20-043432,1
0001558370-20-003618,1
0001213900-20-008735,0
0001104659-20-043974,1
0001193125-20-105860,1
0001493152-20-006424,0
0001654954-20-004130,0
0000939767-20-000051,1
0001104659-20-049009,1
0001193125-20-113337,1
0001104659-20-049013,0
0001104659-20-049520,2
0001104659-20-050023,1
0001564590-20-018489,0
0001171843-20-002890,1
0001104659-20-051350,1
0001564590-20-018684,1
0001104659-20-051935,1
0001558370-20-004422,0
0001628280-20-005682,0
0001104659-20-056292,1
0001564590-20-020629,0
0001558370-20-005097,0
0001104659-20-057195,2
0001104659-20-058140,2
0001564590-20-023891,1
0001628280-20-007282,1
0001193125-20-142266,0
0001193125-20-141786,0
0001564590-20-025288,0
0001193125-20-141629,2
0001564590-20-025280,0
0001171843-20-003755,1
0001564590-20-025642,0
0001193125-20-143480,0
0001564590-20-025616,1
0001193125-20-144575,1
0001193125-20-144533,0
0001437749-20-011152,0
0001564590-20-026822,2
0001104659-20-066085,2
0001104659-20-066071,1
0001628280-20-008589,1
0001553350-20-000496,3
0001193125-20-155943,1
0001193125-20-155824,3
0001193125-20-155683,0
0001193125-20-156631,0
0001654954-20-006219,1
0001104659-20-068688,0
0001104659-20-068678,1
0001193125-20-158937,0
0001564590-20-028307,0
0001193125-20-167090,1
0001171843-20-004335,0
0001293971-20-000039,0
0001104659-20-073142,1
0001410939-20-000028,0
0001193125-20-171977,0
0001104659-20-075441,0
0001104659-20-075618,0
0001104659-20-077701,2
0001564590-20-030909,1
0000950123-20-006465,1
0001193125-20-182690,1
0001104659-20-078403,0
0001104659-20-078983,3
0001193125-20-185881,0
0001193125-20-187842,4
0001493152-20-013133,1
0001193125-20-191424,2
0001104659-20-083106,0
0001213900-20-017343,0
0001104659-20-084302,1
0001104659-20-086817,2
0001104659-20-085264,0
0001564590-20-033133,2
0001493152-20-013922,0
0001193125-20-199067,1
0001193125-20-199118,1
0001193125-20-199685,1
0001457612-20-000127,0
0001628280-20-011353,1
0001193805-20-000918,2
0001664710-20-000019,0
0001193125-20-208124,2
0001070081-20-000130,2
0001193125-20-214096,2
0001654954-20-008881,1
0001193125-20-222493,0
0001104659-20-096568,2
0001193125-20-223727,2
0001104659-20-097780,1
0001193125-20-229289,1
0001564590-20-041044,1
0001564590-20-041092,1
0001104659-20-098520,2
0001193125-20-232097,0
0001171843-20-006188,2
0001564590-20-042073,3
0001193125-20-239118,0
0001104659-20-102795,1
0001493152-20-017365,1
0001558370-20-011032,0
0001193125-20-241518,2
0001193125-20-242667,0
0001193125-20-243159,0
0001104659-20-104587,0
0001104659-20-104915,3
0001193125-20-245262,2
0001447028-20-000140,1
0001561743-20-000070,0
0001193125-20-246844,0
0001628280-20-013690,0
0001104659-20-105877,3
0001651308-20-000160,2
0001193125-20-248571,0
0001583648-20-000053,0
0001493152-20-018097,0
0001193125-20-250645,2
0001193125-20-252788,0
0001171843-20-006729,0
0001437749-20-020551,1
0001213900-20-030205,0
0001171843-20-006968,0
0001078782-20-000751,0
0001370053-20-000053,0
0001564590-20-046250,2
0001193125-20-269018,2
0001104659-20-114699,3
0001193125-20-269865,0
0001731122-20-001047,4
0001558370-20-011478,0
0001104659-20-114973,0
0001193125-20-269896,0
0001193125-20-272854,2
0001104659-20-115521,1
0001104659-20-116255,0
0001628280-20-014591,1
0001564590-20-047025,0
0001399529-20-000078,0
0001169245-20-000086,1
0001193125-20-275988,0
0001104659-20-117985,1
0001493152-20-019917,1
0001193125-20-276090,0
0001104659-20-118204,0
0000950170-20-000088,3
0001157523-20-001347,2
0001193125-20-279883,2
0001193125-20-281180,2
0001640455-20-000120,0
0001171843-20-007544,0
0001564590-20-050279,1
0001564590-20-050215,0
0001558370-20-012661,1
0001564590-20-050847,1
0001731122-20-001114,3
0001214659-20-009193,1
0001104659-20-122849,1
0001171843-20-007780,1
0001113148-20-000040,1
0001193125-20-289663,0
0001493152-20-021349,1
0001193125-20-290319,0
0001558370-20-013740,0
0001193125-20-293735,1
0001558370-20-013854,0
0001171843-20-008007,1
0001493152-20-021436,2
0001062822-20-000073,1
0001104659-20-126123,4
0001193125-20-295466,2
0001651308-20-000219,0
0001493152-20-021904,1
0001213900-20-037860,1
0001493152-20-021995,1
0001104659-20-127156,0
0001600132-20-000123,0
0001193125-20-301492,2
0001193125-20-303257,0
0001193125-20-302694,1
0001193125-20-305010,0
0001193125-20-306331,0
0001193125-20-306299,1
0001558370-20-014109,1
0001564590-20-055762,0
0001193125-20-309507,1
0001564590-20-056121,0
0001564590-20-056109,1
0001104659-20-132306,2
0001193125-20-311281,1
0001564590-20-056242,0
0001193125-20-311217,2
0001171843-20-008399,0
0001651308-20-000229,2
0001564590-20-056289,1
0001551986-20-000312,1
0001387131-20-010478,2
0001401914-20-000124,0
0001557142-20-000090,2
0001104659-20-132595,2
0001564590-20-056372,1
0001193125-20-311893,0
0001558370-20-014242,1
0001171843-20-008462,0
0001559053-20-000045,0
0001193125-20-313892,0
0001558370-20-014296,0
0001213900-20-041974,1
0001193125-20-314855,1
0001193125-20-315989,0
0001564590-20-056927,0
0001193125-20-316409,1
0001564590-20-057002,0
0001193125-20-316413,1
0001731122-20-001291,1
0001636050-20-000111,2
0001558370-20-014430,1
0001193125-20-322298,0
0001193125-20-322377,1
0001679082-20-000057,0
0001171843-20-008658,1
0001193125-20-323107,1
0001213900-20-043965,2
0001171843-20-008722,0
0001104659-20-139077,1
0001193125-20-324544,0
0001356576-20-000090,0
0001104659-20-139797,1
0001193125-20-329197,1
0001558370-20-014582,1
0001193125-21-000349,0
0001193125-21-000213,0
0001564590-21-000167,2
0001628280-21-000035,4
0001193125-21-003740,0
0001564590-21-000577,3
0000950170-21-000003,2
0001213900-21-001061,0
0001104659-21-003258,1
0001104659-21-003903,3
0001493152-21-001128,0
0001193125-21-009703,1
0001558370-21-000248,0
0001694665-21-000006,0
0001493152-21-001497,0
0001213900-21-003480,0
0001193125-21-017705,1
0001104659-21-007791,0
0001193125-21-020756,0
0001169245-21-000002,1
0001387131-21-001313,0
0001193125-21-019488,0
0001651308-21-000017,1
0001104659-21-008759,1
0001493152-21-002160,2
0001213900-21-005970,0
0001493152-21-002340,0
0001564590-21-003678,0
0001437749-21-001804,0
0001140361-21-003255,0
0001104659-21-013630,0
0001193125-21-031585,0
0001193125-21-033294,2
0001493152-21-003017,0
0001553350-21-000101,1
0001654954-21-001339,0
0001193125-21-037721,2
0001564590-21-005408,1
0001564590-21-005752,1
0001104659-21-020661,4
0001437749-21-002896,0
0001615219-21-000017,1
0001193805-21-000241,4
0001140361-21-005422,1
0001193125-21-049866,0
0001193125-21-050730,3
0001654954-21-002007,2
0001171843-21-001346,0
0001493152-21-005160,0
0001564590-21-010309,2
0001104659-21-031198,0
0001193125-21-068593,1
0001193125-21-073448,1
0001370053-21-000022,0
0001564590-21-013008,0
0001104659-21-035910,2
0001564590-21-013009,1
0001564590-21-013011,1
0001140361-21-008429,2
0001193125-21-081556,2
0001213900-21-015425,0
0001104659-21-038365,0
0001104659-21-038870,1
0001171843-21-001951,0
0001104659-21-039392,1
0001126234-21-000036,0
0001104659-21-039696,1
0001564590-21-014963,2
0001193125-21-091865,1
0001193125-21-098947,0
0001193125-21-098276,1
0001193125-21-103232,0
0001654954-21-003700,0
0001104659-21-046642,0
0001564590-21-017609,0
0001193125-21-112437,1
0001651308-21-000068,1
0001193125-21-112486,3
0001193125-21-113977,4
0001789769-21-000009,0
0001564590-21-018749,0
0001104659-21-049830,0
0001558370-21-004378,0
0001214659-21-004353,1
0001561743-21-000026,0
0001493152-21-009378,0
0001104659-21-053355,1
0001193125-21-125592,0
0000819050-21-000055,2
0001193125-21-132903,0
0001651308-21-000077,2
0001213900-21-023409,1
0001104659-21-056913,0
0001193125-21-140479,0
0001193125-21-146721,1
0001564590-21-022707,1
0001104659-21-060677,1
0001193125-21-152744,2
0001493152-21-010840,0
0001564590-21-026328,1
0001213900-21-025557,0
0001564590-21-026261,0
0001493152-21-011082,0
0001171843-21-003417,0
0001193125-21-159128,1
0001104659-21-066769,2
0001136261-21-000066,1
0001564590-21-028550,1
0001280600-21-000042,1
0001293971-21-000043,1
0001564590-21-028892,1
0001558370-21-007554,3
0001104659-21-069398,2
0001737287-21-000025,0
0001493152-21-012317,0
0001615219-21-000054,0
0001140361-21-018115,0
0001553350-21-000437,0
0001293971-21-000045,0
0001104659-21-069870,0
0001193125-21-169953,0
0001104659-21-071574,0
0001564590-21-029886,2
0001193125-21-175479,1
0001493152-21-013131,1
0001558370-21-007920,1
0001561743-21-000038,0
0001387131-21-006295,1
0001193125-21-182269,1
0001437749-21-014140,0
0001193125-21-182012,0
0001564590-21-031856,0
0001651308-21-000102,3
0001193125-21-183002,1
0001558370-21-008085,0
0001104659-21-078524,0
0000950170-21-000344,2
0001564590-21-032552,1
0001171843-21-004277,2
0001564590-21-032551,2
0001628280-21-012055,1
0001467154-21-000109,0
0001293971-21-000049,2
0001193125-21-188257,1
0001651308-21-000113,1
0001280600-21-000045,0
0001193125-21-189542,3
0001104659-21-080835,2
0001193125-21-190105,2
0001193125-21-190532,2
0001104659-21-081758,2
0001193125-21-192152,0
0001193125-21-194371,2
0001104659-21-082951,3
0001193125-21-195277,2
0001493152-21-015053,0
0001193125-21-196853,0
0001437749-21-015511,0
0001493152-21-015154,2
0001193125-21-198675,4
0001564590-21-034575,0
0001193125-21-201090,0
0001193125-21-202603,1
0001437749-21-015877,2
0001104659-21-086498,1
0001104659-21-086825,0
0001104659-21-086854,1
0001437749-21-016076,0
0001213900-21-035203,2
0001104659-21-089167,0
0001104659-21-089093,1
0001564590-21-035796,1
0001385508-21-000090,0
0001679363-21-000024,1
0001104659-21-091511,3
0001193125-21-214307,0
0001171843-21-004940,0
0001193125-21-221362,0
0001387131-21-007569,1
0001714899-21-000066,1
0001628280-21-014453,2
0000078003-21-000090,0
0001493152-21-017931,0
0001171843-21-005234,0
0000950170-21-000607,4
0001651308-21-000163,0
0001104659-21-099269,0
0001214659-21-008132,1
0001069530-21-000043,1
0001213900-21-040396,3
0001399529-21-000137,0
0001213900-21-042410,1
0001104659-21-105111,0
0000886163-21-000123,1
0001438533-21-000036,1
0001104659-21-107015,2
0001654954-21-009178,1
0001104659-21-108565,0
0001493152-21-021171,0
0001493152-21-021295,0
0001213900-21-045061,1
0001193125-21-261453,2
0001564590-21-046744,1
0001213900-21-046524,0
0001193125-21-264493,1
0001104659-21-113182,0
0001193125-21-266016,0
0001125345-21-000103,4
0001640334-21-002131,1
0000950170-21-001704,1
0001847903-21-000013,2
0001628280-21-018216,2
0001193125-21-268814,0
0001485003-21-000188,0
0001193125-21-269499,0
0001558370-21-012408,1
0001193125-21-270939,2
0001104659-21-114863,0
0001493152-21-022490,1
0001564590-21-047679,4
0001171843-21-006439,2
0001493152-21-022435,0
0001558370-21-012513,0
0001104659-21-115681,0
0001193125-21-273957,0
0001564590-21-048031,0
0001789769-21-000061,1
0001193125-21-274730,0
0001213900-21-048457,2
0001193125-21-275702,1
0001193125-21-275594,2
0001193125-21-275108,1
0001125345-21-000105,1
0001193125-21-276775,0
0001193125-21-277767,0
0001104659-21-118122,2
0001104659-21-118297,1
0001104659-21-118726,1
0001104659-21-119139,0
0001193125-21-283009,0
0001193125-21-284839,2
0001193125-21-284427,0
0001213900-21-050445,1
0001558370-21-012862,2
0001193125-21-289652,1
0001370053-21-000060,0
0001564590-21-049880,2
0001104659-21-122817,0
0000819050-21-000145,1
0001558370-21-013053,4
0001193125-21-293715,1
0001193125-21-294713,0
0001193125-21-295398,1
0000950170-21-002075,0
0000950170-21-002070,0
0001193125-21-294159,0
0001104659-21-124173,0
0001193125-21-297865,0
0001193125-21-296282,0
0001739614-21-000096,1
0001193125-21-296954,1
0001493152-21-025269,0
0001193125-21-300580,0
0001437749-21-023789,1
0001140361-21-034722,2
0001193125-21-301523,0
0001193125-21-301641,2
0001104659-21-127378,2
0001193125-21-303048,2
0001636050-21-000082,2
0001564590-21-051434,1
0001628280-21-020411,1
0001193125-21-307156,0
0001193125-21-308787,0
0001193125-21-308663,0
0001157523-21-001266,1
0001493152-21-026815,1
0001193125-21-316254,0
0001564590-21-053313,1
0001213900-21-055968,3
0001169245-21-000100,2
0000950103-21-017355,2
0001193125-21-320821,0
0001193125-21-320116,0
0001193125-21-320901,2
0001193125-21-322360,0
0001437749-21-025788,0
0000950170-21-003784,2
0001171843-21-007826,2
0001104659-21-137731,1
0001558370-21-015611,3
0001193125-21-328180,1
0001370053-21-000072,0
0001104659-21-139169,0
0001493152-21-028861,0
0001193125-21-331873,0
0001104659-21-139939,1
0001104659-21-140321,2
0001564590-21-057537,1
0001654954-21-012446,1
0001564590-21-057958,2
0001140361-21-039298,1
0001493152-21-029741,1
0001628280-21-024142,0
0001104659-21-144687,3
0001193125-21-342256,0
0001193125-21-342891,0
0001171843-21-008240,0
0001171843-21-008273,2
0001193125-21-347835,2
0001564590-21-059372,2
0001564590-21-059379,2
0001193125-21-348354,1
0001718108-21-000036,1
0000950170-21-005044,0
0001193125-21-349137,1
0001558370-21-016575,3
0001689813-21-000152,1
0001104659-21-147914,0
0001193125-21-351679,1
0001628280-21-024728,0
0001171843-21-008447,2
0001104659-21-149107,1
0001493152-21-031170,0
0001193125-21-354690,0
0001193125-21-355598,1
0001193125-21-354602,3
0001171843-21-008476,2
0001564590-21-060153,2
0001564590-21-060064,0
0001293971-21-000093,1
0001558370-21-016703,1
0001193125-21-354523,0
0001628280-21-024992,2
0001847903-21-000028,0
0001437749-21-028468,0
0001193125-21-356947,0
0001610618-21-000111,1
0001193805-21-001749,1
0001171843-21-008490,3
0001104659-21-149386,4
0001104659-21-149581,1
0001438533-21-000056,1
0001193125-21-358543,1
0001493152-21-031659,0
0001193125-21-358680,1
0001193125-21-358542,1
0001558370-21-016900,1
0001104659-21-151146,2
0001600132-21-000055,1
0001214659-21-013348,0
0000950170-21-005294,0
0001599298-21-000045,2
0000950170-21-005310,0
0001213900-21-067091,1
0001213900-21-067469,1
0001564590-21-061221,0
0001437749-21-029235,1
0001193125-21-366669,2
0001104659-21-154719,1
0001193125-22-000971,1
0001157523-22-000027,0
0001739614-22-000002,1
0001193125-22-001705,1
0001193125-22-001861,1
0000950170-22-000081,1
0001628280-22-000405,1
0001193125-22-003165,0
0000950170-22-000205,0
0001104659-22-002720,0
0001193125-22-008197,0
0001104659-22-005168,0
0001104659-22-004962,1
0001564590-22-001836,1
0001493152-22-002053,1
0001193125-22-016089,3
0001104659-22-007179,1
0001193125-22-017722,0
0001193125-22-017624,1
0001564590-22-002577,3
0001193125-22-019000,0
0001140361-22-003143,1
0001193125-22-022338,2
0001171843-22-000668,0
0001140361-22-003577,0
0001193125-22-027687,1
0001193125-22-030404,1
0001193125-22-031820,1
0001193125-22-032678,0
0001437749-22-003189,1
0000950170-22-001153,0
0001171843-22-001030,0
0001193125-22-042361,2
0001193125-22-043937,4
0001193125-22-044007,0
0001493152-22-005063,0
0000950170-22-001684,0
0001104659-22-025623,0
0001564590-22-006498,0
0001213900-22-009272,0
0001171843-22-001397,2
0001193125-22-063051,2
0001437749-22-005086,2
0001104659-22-030888,1
0001494650-22-000013,0
0001213900-22-011983,0
0001104659-22-033722,1
0001370053-22-000014,0
0001193125-22-077217,3
0001193125-22-077862,0
0001493152-22-007328,0
0001824293-22-000019,0
0000950170-22-004229,1
0001711279-22-000010,1
0001104659-22-037014,0
0001193125-22-085974,2
0001193125-22-088649,4
0000950170-22-005303,2
0001193125-22-094408,2
0001558370-22-005043,1
0001171843-22-002319,2
0001171843-22-002320,1
0001104659-22-042207,1
0001493152-22-009114,1
0001213900-22-018307,2
0001104659-22-043425,1
0001104659-22-043670,1
0001104659-22-044050,0
0001564590-22-013950,1
0001104659-22-045069,0
0001725160-22-000076,0
0000950170-22-005632,0
0001193125-22-105004,1
0001558370-22-005537,0
0001437749-22-009283,0
0001387131-22-004960,0
0001193125-22-110276,3
0001193805-22-000672,0
0001193125-22-116374,0
0001193125-22-116353,1
0001193125-22-116380,1
0001728117-22-000035,1
0001193125-22-117771,2
0001104659-22-049856,0
0001104659-22-050395,0
0001140361-22-016342,1
0001213900-22-021894,0
0001651308-22-000058,1
0001370053-22-000019,1
0001385508-22-000047,0
0001140361-22-017051,0
0001213900-22-022828,0
0000950170-22-007058,2
0001689548-22-000037,0
0001104659-22-058009,1
0001493152-22-012932,2
0000950170-22-009499,0
0000950170-22-009648,0
0001739614-22-000057,1
0001213900-22-027639,1
0001193125-22-152426,2
0000950170-22-010232,1
0000950170-22-010230,0
0001664710-22-000025,1
0001558370-22-009142,1
0001789769-22-000039,0
0001193125-22-156144,0
0001213900-22-028761,0
0001711279-22-000020,1
0001193125-22-156858,0
0001171843-22-003880,0
0001437749-22-013307,1
0001654954-22-007369,0
0001193125-22-158029,1
0000950170-22-010602,0
0000950142-22-001784,0
0001193125-22-160275,1
0001193125-22-161179,0
0001104659-22-065261,0
0000950170-22-010798,1
0001558370-22-009428,1
0001564590-22-021434,1
0000950170-22-010791,1
0001193125-22-161149,1
0001437749-22-013688,0
0001140361-22-020836,1
0001104659-22-065357,0
0001193125-22-161173,2
0001558370-22-009406,0
0001628280-22-015490,3
0000950170-22-010890,2
0000950170-22-010981,1
0001626199-22-000048,0
0001193125-22-164576,2
0001104659-22-066868,1
0001193805-22-000895,1
0001171843-22-004103,2
0001104659-22-068301,2
0001689548-22-000072,0
0001628280-22-016698,1
0001193125-22-169265,1
0001193125-22-169395,0
0001104659-22-069317,2
0001193125-22-171489,2
0001171843-22-004285,2
0000950170-22-011430,1
0001193125-22-172383,0
0001494650-22-000075,0
0001193125-22-171957,0
0001193125-22-175557,4
0001104659-22-071651,2
0001140361-22-023541,3
0001558370-22-010112,0
0001551986-22-000046,1
0000950170-22-011935,4
0001193125-22-178857,0
0001171843-22-004546,1
0000950170-22-012133,0
0001193125-22-183295,0
0001493152-22-017916,1
0001279569-22-001053,1
0001193125-22-183909,3
0001193125-22-183927,2
0001193125-22-184488,0
0001564590-22-024605,0
0001193125-22-184463,1
0001062822-22-000030,1
0001104659-22-076024,1
0001193125-22-185512,1
0001651308-22-000118,3
0001493152-22-018455,2
0001193125-22-188270,2
0001193125-22-187999,0
0001140361-22-025669,1
0001628280-22-018777,0
0001193125-22-190873,2
0001193125-22-191747,1
0001213900-22-039009,1
0001214659-22-008799,1
0001493152-22-019381,0
0000950170-22-012761,1
0001213900-22-040399,2
0000950170-22-012804,2
0001564590-22-026043,1
0001851734-22-000390,1
0001193125-22-201401,0
0001104659-22-083430,1
0001437749-22-017952,1
0000950170-22-013289,2
0000950170-22-013671,2
0001193125-22-210650,2
0001104659-22-085175,4
0001193125-22-211339,0
0001193125-22-212531,0
0001193125-22-214504,4
0000950170-22-015232,1
0001193125-22-214126,1
0000950170-22-015240,1
0001651308-22-000150,0
0001860782-22-000040,0
0001104659-22-088684,0
0001193125-22-219278,2
0001104659-22-089678,3
0001104659-22-092002,2
0001193125-22-232575,0
0001628280-22-023857,1
0001104659-22-096250,1
0001370053-22-000049,0
0001437749-22-021620,1
0001104659-22-097701,1
0001193125-22-238444,0
0001193125-22-238271,1
0001410939-22-000094,1
0001520138-22-000390,2
0001104659-22-098037,0
0000950170-22-018205,0
0001193125-22-240127,1
0000950170-22-018265,3
0001558370-22-014297,0
0001628280-22-024744,1
0001651308-22-000162,2
0001193125-22-244793,1
0001193125-22-242423,0
0001664710-22-000049,1
0001104659-22-099487,1
0001193125-22-243332,0
0001104659-22-099483,0
0001213900-22-055429,2
0001626199-22-000061,1
0001558370-22-014392,1
0001104659-22-100245,0
0001558370-22-014456,1
0001193805-22-001285,1
0001193125-22-247417,2
0001193125-22-247767,0
0001387131-22-009920,0
0001387131-22-009927,0
0001193125-22-250701,0
0001493152-22-026752,1
0001551986-22-000094,1
0001628280-22-025530,1
0001628280-22-025519,1
0001193125-22-251807,0
0000950170-22-018944,0
0001193125-22-252642,2
0000950170-22-018928,2
0001104659-22-103927,4
0000950170-22-018988,1
0001193125-22-254857,0
0001104659-22-104337,1
0000950170-22-019168,2
0000950170-22-019151,0
0001193125-22-256110,2
0000950170-22-019116,0
0001104659-22-105234,0
0001157523-22-001289,0
0001654954-22-013566,1
0001104659-22-107454,0
0001193125-22-260253,3
0001618835-22-000196,0
0001213900-22-063664,3
0000950170-22-019592,3
0001193125-22-263369,4
0001493152-22-028519,0
0001104659-22-108996,1
0001193125-22-264177,2
0001213900-22-064818,0
0001104659-22-110120,0
0001867096-22-000117,0
0001493152-22-029275,2
0001193805-22-001439,1
0001599298-22-000114,2
0001193125-22-267201,1
0001193125-22-267147,0
0001595585-22-000077,0
0001193125-22-268408,2
0001193125-22-269333,3
0001279569-22-001739,1
0001140361-22-038679,0
0001640334-22-002286,1
0001193125-22-271664,3
0001213900-22-067378,1
0000950170-22-020535,3
0001171843-22-006904,0
0000950170-22-020696,3
0001193125-22-275463,1
0001193125-22-275350,1
0001493152-22-030153,1
0001104659-22-113463,1
0001493152-22-030288,3
0000950170-22-021739,3
0001493152-22-030215,0
0001140361-22-039934,2
0001104659-22-115157,0
0000950170-22-022838,1
0001193125-22-280787,1
0001104659-22-116178,1
0001193125-22-282054,1
0001493152-22-031250,1
0001193125-22-282059,1
0001493152-22-032529,1
0001493152-22-031629,0
0000950170-22-024772,1
0001126234-22-000109,2
0001193125-22-284529,2
0000950170-22-024985,3
0001493152-22-032573,0
0001654954-22-015397,2
0001558370-22-018016,2
0000950170-22-025413,0
0001655759-22-000059,0
0000950170-22-025706,2
0001104659-22-122226,0
0001737287-22-000089,0
0001628280-22-030943,2
0001387131-22-011980,0
0001193125-22-295406,1
0001104659-22-123853,1
0001731122-22-002078,1
0001193125-22-297163,1
0000950170-22-025995,0
0001654954-22-016099,1
0001728117-22-000102,0
0001193125-22-298815,2
0001558370-22-018383,0
0001520138-22-000548,2
0000950170-22-026089,1
0001193125-22-299797,1
0000950170-22-026095,1
0001193125-22-300541,0
0001842952-22-000108,2
0001193125-22-302732,2
0000950170-22-026329,3
0001193125-22-303934,1
0001564590-22-039215,2
0001664710-22-000067,1
0001654954-22-016326,2
0001193125-22-301834,1
0001104659-22-126475,2
0001171843-22-008011,0
0001193125-22-302915,1
0001682852-22-000055,2
0001193125-22-303275,1
0001193125-22-303296,1
0001651308-22-000235,2
0001193125-22-304330,2
0001558370-22-018617,2
0001564590-22-039316,0
0001104659-22-127101,0
0001193125-22-305412,1
0001437749-22-029111,1
0001104659-22-127597,0
0001193125-22-307935,1
0000950170-22-026702,0
0001493152-22-035944,0
0001326190-22-000016,1
0000950170-22-026736,1
0000950170-22-026760,1
0000950170-22-026910,0
0001193125-22-311191,1
0000950170-22-027060,0
0001213900-22-083051,0
0001178913-23-000010,2
0001493152-23-000232,1
0001140361-23-000296,2
0001193125-23-001952,1
0001140361-23-000743,0
0001860782-23-000002,0
0001628280-23-000450,2
0001171843-23-000154,0
0001628280-23-000714,0
0001493152-23-000904,0
0001682852-23-000004,2
0001193125-23-004049,0
0001493152-23-000900,0
0001193125-23-004059,1
0001213900-23-002343,0
0001753926-23-000046,0
0001213900-23-002591,0
0001493152-23-001820,0
0001493152-23-001787,1
0000950170-23-000928,1
0001171843-23-000338,1
0001193125-23-012607,2
0001171843-23-000444,2
0001104659-23-006194,0
0001193125-23-018203,0
0001387131-23-001054,0
0001193125-23-022182,0
0001193125-23-022876,0
0001437749-23-003069,1
0001628280-23-003209,0
0001860782-23-000016,2
0001104659-23-019876,0
0001437749-23-003180,1
0001493152-23-005139,0
0001628280-23-003635,4
0001193125-23-040742,2
0000950170-23-002963,3
0001193125-23-040919,0
0001193125-23-041459,1
0001193125-23-043018,3
0001213900-23-013059,1
0001193125-23-046516,0
0001104659-23-024366,0
0000950170-23-004239,2
0001213900-23-014008,0
0001104659-23-025682,2
0001193125-23-055140,0
0001193125-23-055216,0
0001437749-23-005470,3
0001104659-23-028700,1
0000950170-23-006114,0
0001558370-23-002835,1
0001193125-23-060828,0
0001126234-23-000031,0
0000819050-23-000025,2
0001437749-23-005818,1
0001140361-23-011727,2
0001564590-23-003860,0
0000950170-23-008684,1
0001193125-23-075297,2
0001193125-23-076241,1
0001437749-23-007585,3
0001558370-23-004634,0
0000950170-23-009847,2
0001654954-23-003607,0
0001104659-23-037397,1
0000950170-23-010108,1
0001193125-23-082314,1
0001104659-23-038719,1
0001387131-23-004129,2
0000950170-23-011143,0
0000950170-23-011474,0
0001104659-23-041221,0
0001193805-23-000500,3
0001600620-23-000004,0
0001193125-23-095854,0
0001213900-23-028716,0
0001564590-23-005579,0
0001193125-23-098539,0
0001104659-23-045447,3
0000950170-23-012883,1
0001493152-23-012483,0
0001140361-23-018635,1
0001493152-23-012566,0
0001193125-23-103837,1
0001193125-23-104425,1
0001493152-23-012718,1
0000950170-23-013272,1
0001493152-23-012803,1
0001193125-23-107202,0
0001140361-23-019757,1
0001104659-23-048686,4
0001711279-23-000025,0
0001193125-23-111832,2
0001831283-23-000071,2
0001437749-23-011514,0
0001372514-23-000057,1
0001725160-23-000073,1
0001654954-23-005253,0
0000950170-23-015343,3
0000950170-23-015374,1
0001213900-23-033507,2
0001193125-23-128616,3
0001437749-23-011996,0
0001438533-23-000018,3
0001601485-23-000032,0
0001558370-23-007741,1
0001193805-23-000659,0
0001126234-23-000062,1
0001193125-23-141488,0
0001493152-23-017637,2
0001140361-23-024924,2
0001193125-23-145650,2
0001070081-23-000030,1
0001193125-23-146584,1
0000950170-23-022879,0
0001140361-23-025377,1
0001860782-23-000081,0
0001104659-23-062936,0
0001711279-23-000037,0
0001193125-23-150624,0
0001104659-23-063202,1
0001104659-23-063688,1
0001628280-23-019591,0
0001193125-23-153420,0
0001437749-23-015996,0
0001193125-23-154347,1
0001745020-23-000018,1
0000950170-23-024292,0
0001104659-23-065549,2
0000950170-23-025091,0
0001628280-23-020227,0
0001438533-23-000030,1
0001104659-23-066700,2
0001193125-23-161596,1
0001193125-23-160031,0
0001104659-23-067866,0
0001558370-23-010788,0
0001193125-23-160325,1
0001725160-23-000129,1
0000950170-23-026236,0
0001104659-23-067854,1
0001193125-23-160358,2
0001493152-23-020081,2
0001140361-23-028235,0
0000950170-23-026375,0
0001628280-23-021025,4
0001725160-23-000131,3
0000950170-23-026748,0
0001171843-23-003807,0
0001193125-23-162576,2
0001655759-23-000043,0
0001193125-23-164010,0
0001558370-23-010931,0
0001171843-23-003856,1
0001193125-23-165337,1
0001157523-23-000973,0
0000950170-23-028784,0
0001193125-23-169726,1
0001437749-23-017768,1
0001714899-23-000103,1
0001213900-23-050034,1
0001070081-23-000036,3
0001171843-23-004026,0
0001104659-23-073817,4
0001126234-23-000079,2
0001104659-23-073326,0
0001214659-23-008740,0
0001213900-23-050991,3
0001104659-23-074439,1
0001628280-23-023374,3
0001628280-23-023381,3
0001104659-23-074995,2
0001193125-23-176131,2
0001157523-23-001035,0
0000950170-23-029860,0
0000950170-23-029851,1
0001104659-23-075552,4
0001193125-23-176864,2
0001157523-23-001047,0
0001104659-23-075977,1
0001628280-23-024065,1
0001628280-23-024042,0
0001171843-23-004330,2
0001213900-23-054782,0
0001437749-23-019649,1
0001140361-23-033840,2
0001104659-23-079364,0
0001493152-23-024164,2
0001193125-23-185120,1
0001104659-23-080554,0
0001193125-23-187579,0
0001140361-23-034684,3
0001193125-23-187702,1
0001558370-23-011904,2
0001104659-23-081432,0
0001728117-23-000091,0
0001193125-23-190147,0
0000950170-23-033937,2
0000950170-23-033933,0
0001104659-23-083227,1
0001193125-23-192735,0
0001193125-23-193428,0
0001829126-23-004890,1
0001628280-23-025841,0
0001104659-23-084538,0
0001493152-23-025631,1
0001935979-23-000046,1
0001193125-23-198580,1
0001558370-23-012756,2
0001437749-23-022216,3
0001372514-23-000118,0
0001437749-23-022388,2
0001437749-23-023025,1
0000950170-23-042631,1
0001193125-23-213897,0
0001558370-23-015014,1
0001104659-23-092665,0
0001140361-23-040255,0
0000950170-23-045111,0
0001104659-23-096868,1
0001437749-23-025103,0
0001193125-23-228019,0
0001140361-23-042505,3
0001387131-23-010769,4
0001437749-23-025509,1
0001437749-23-025314,1
0001104659-23-098843,0
0001493152-23-032041,1
0001193125-23-231906,2
0001493152-23-032175,3
0001193125-23-231899,0
0000914475-23-000062,1
0001818382-23-000125,0
0000950170-23-048470,0
0001558370-23-015840,1
0001104659-23-102121,2
0001213900-23-078049,1
0001213900-23-078145,1
0001193125-23-239983,1
0001437749-23-026647,1
0001193125-23-241849,3
0001764013-23-000114,1
0001140361-23-045178,0
0001140361-23-045170,2
0001126234-23-000093,0
0000950170-23-049928,4
0001493152-23-033833,1
0000950170-23-050039,3
0001104659-23-105027,3
0000950170-23-050922,1
0001140361-23-046297,1
0001104659-23-105928,1
0000950170-23-051278,0
0001193125-23-250342,3
0001193125-23-250357,1
0001193125-23-251960,0
0001013762-23-002000,2
0001193125-23-250724,0
0001193805-23-001384,0
0001370053-23-000054,1
0001104659-23-107819,1
0001193125-23-253123,2
0001193125-23-253008,0
0001437749-23-028018,1
0001140361-23-047809,0
0001558370-23-016428,3
0001193125-23-255083,1
0000950170-23-053109,2
0001104659-23-108892,1
0001193125-23-256537,1
0001437749-23-028296,1
0001558370-23-016468,1
0001694665-23-000163,0
0000950170-23-053653,1
0000950170-23-053894,0
0001104659-23-110119,4
0000950170-23-054504,1
0001279569-23-001328,0
0001655759-23-000084,2
0001193125-23-260370,1
0001558370-23-016589,1
0001193125-23-260795,2
0000950170-23-054508,2
0001654954-23-013323,0
0001104659-23-110959,0
0001193125-23-266305,0
0001520138-23-000457,1
0001437749-23-029310,3
0001171843-23-006522,2
0001831283-23-000117,2
0000950170-23-056547,0
0001558370-23-017061,1
0001493152-23-038800,0
0001387131-23-012958,1
0001739614-23-000071,0
0001626199-23-000103,2
0001193125-23-268319,0
0000950170-23-058629,0
0001104659-23-114274,2
0001193125-23-269869,0
0001104659-23-114509,1
0000950170-23-059024,1
0001193125-23-270879,2
0001437749-23-030286,2
0001628280-23-036888,3
0000950170-23-059031,1
0001372514-23-000154,2
0001558370-23-017593,1
0001193125-23-270377,3
0000950170-23-058996,0
0001193125-23-271351,2
0001193125-23-271463,0
0000950170-23-060249,3
0001126234-23-000102,0
0001193125-23-273808,1
0001104659-23-116327,1
0001193125-23-274580,0
0001171843-23-006951,1
0001140361-23-052447,0
0001558370-23-018691,0
0001193125-23-275264,0
0001193125-23-278840,2
0001104659-23-119287,0
0001493152-23-041984,1
0000950170-23-065306,2
0000950170-23-066032,2
0001140361-23-054630,2
0001764013-23-000150,1
0001493152-23-042766,2
0001520138-23-000511,1
0001493152-23-043142,0
0001326190-23-000050,1
0001193125-23-286862,0
0001104659-23-123459,2
0001213900-23-092925,2
0000950170-23-068277,2
0001655759-23-000098,1
0001104659-23-123990,2
0001493152-23-043932,0
0001193125-23-291224,0
0001193125-23-292306,0
0001193125-23-292080,2
0001193125-23-292027,1
0001193125-23-292084,1
0001171843-23-007528,1
0001104659-23-124911,1
0001549595-23-000062,2
0000950170-23-069381,1
0001558370-23-019717,1
0001193125-23-292551,1
0001104659-23-125566,1
0001193125-23-293959,0
0001628280-23-041317,0
0001193125-23-293874,1
0001599901-23-000103,0
0001104659-23-125870,1
0001193125-23-295566,0
0001104659-23-126599,0
0001493152-23-045197,0
0001193125-23-297099,3
0001104659-23-126639,3
0001140361-23-058214,0
0001157523-23-001841,0
0001493152-23-045362,0
0000950170-23-071084,0
0001193125-23-297614,0
0001193125-23-300370,0
0001493152-23-045515,1
0001839882-23-034226,2
0001739410-23-000019,0
0001104659-23-127507,0
0001140361-23-058688,2
0001764013-23-000159,2
0001437749-23-035028,2
0000950170-23-072258,0
0001193125-23-301777,0
0000950170-23-073144,2
0000950170-24-000033,2
0001193125-24-000991,2
0001104659-24-001422,3
0001104659-24-001556,0
0001104659-24-002401,1
0001104659-24-004162,4
0000950170-24-004829,1
0001140361-24-002995,1
0001193125-24-014808,2
0001493152-24-003705,0
0000950170-24-008530,0
0001193125-24-023459,4
0000950170-24-011011,0
0001171843-24-000648,3
0001493152-24-005897,1
0001493152-24-005649,1
0000950170-24-013803,0
0000950170-24-013563,1
0001104659-24-024347,0
0001714899-24-000065,0
0001437749-24-005132,0
0001493152-24-007772,1
0000950170-24-020183,2
0001839882-24-005612,1
0000950170-24-020616,1
0001213900-24-017751,1
0001628280-24-007972,0
0001437749-24-006362,0
0001493152-24-008670,0
0001493152-24-009400,0
0001193125-24-062154,0
0001839882-24-007193,1
0000950170-24-027613,2
0001193125-24-062878,1
0001493152-24-009481,0
0001213900-24-021233,4
0001193125-24-064405,1
0001962918-24-000018,0
0001193125-24-064791,0
0001193125-24-068000,2
0001628280-24-011308,0
0001193125-24-070706,0
0001193805-24-000392,0
0001962918-24-000021,3
0001104659-24-036125,4
0001599298-24-000043,2
0001104659-24-038165,0
0000950170-24-035655,1
0001193125-24-075582,0
0001193125-24-076478,1
0001437749-24-009476,3
0001493152-24-011600,0
0000950170-24-038902,1
0001193125-24-082709,0
0001193125-24-083358,3
0001140361-24-017141,0
0001104659-24-042231,0
0001193125-24-084937,1
0001493152-24-012910,3
0001815776-24-000035,2
0001193125-24-086664,1
0001193125-24-089091,2
0001140361-24-018449,2
0001601485-24-000025,1
0001104659-24-044767,0
0001193125-24-089653,1
0000950170-24-042791,1
0000950170-24-042972,1
0001104659-24-045577,0
0001193125-24-091463,1
0001493152-24-014273,2
0001193125-24-092522,1
0000950123-24-003302,1
0001193125-24-096988,2
0001437749-24-012182,1
0001193125-24-098524,1
0001193125-24-100080,0
0001828185-24-000022,1
0001104659-24-050307,1
0001437749-24-013283,1
0000950170-24-049870,2
0001437749-24-014059,0
0001193125-24-126425,1
0001437749-24-013983,0
0001104659-24-055041,1
0001104659-24-056664,1
0001213900-24-039306,0
0001193125-24-130800,0
0001558370-24-006793,0
0001404644-24-000049,1
0001193125-24-133086,1
0000950170-24-055046,1
0001816590-24-000083,0
0001193125-24-134284,2
0001140361-24-025476,3
0000950170-24-058654,3
0001193125-24-137731,1
0000950170-24-060031,0
0001493152-24-020551,0
0001193125-24-142232,3
0001213900-24-045573,0
0001104659-24-065073,1
0000950170-24-064309,0
0001601485-24-000037,2
0001558370-24-008779,1
0001104659-24-064825,1
0000950170-24-064025,1
0001193125-24-146093,1
0001104659-24-064762,1
0001104659-24-064781,1
0001356576-24-000034,1
0000950170-24-064022,2
0001140361-24-027535,2
0001683168-24-003849,1
0001193125-24-148089,0
0001493152-24-021727,1
0001193125-24-149338,0
0001839882-24-016704,1
0000950170-24-066553,1
0001599298-24-000096,2
0001140361-24-028247,2
0001193125-24-152493,1
0001193125-24-152380,2
0000950170-24-067650,0
0001104659-24-067483,3
0001193125-24-152391,3
0000950170-24-067644,0
0000950170-24-067662,0
0001619856-24-000046,1
0000950170-24-067670,3
0001558370-24-008844,0
0001140361-24-028366,2
0001558370-24-008865,1
0001437749-24-019074,2
0001193125-24-153075,0
0001193125-24-153625,1
0001140361-24-029050,1
0001171843-24-003302,0
0001104659-24-068948,1
0001493152-24-022906,0
0001171843-24-003323,0
0001828185-24-000063,0
0001516551-24-000059,0
0001493152-24-023289,0
0000950170-24-071093,1
0001193125-24-157913,1
0001193125-24-158710,2
0001104659-24-070450,0
0001104659-24-070914,0
0001193125-24-160703,2
0001104659-24-071445,0
0001104659-24-072012,0
0001549595-24-000086,2
0001615219-24-000049,0
0000950170-24-073998,3
0001664710-24-000055,3
0001193125-24-162056,2
0001104659-24-072058,0
0001193125-24-163038,3
0001193125-24-163050,1
0001404644-24-000073,1
0001558370-24-009313,2
0001193125-24-166299,1
0001628280-24-029426,2
0001104659-24-074078,3
0001193125-24-167481,2
0001104659-24-074545,0
0001213900-24-055436,2
0001193125-24-167467,1
0001193125-24-168501,2
0000950170-24-077299,1
0001193125-24-168597,0
0001193125-24-169805,1
0001628280-24-030243,0
0001140361-24-031563,1
0000950170-24-079290,0
0001193125-24-172762,0
0001628280-24-030546,1
0001140361-24-032080,2
0001437749-24-022267,1
0001193125-24-175867,1
0001193125-24-175915,0
0001104659-24-078451,0
0000950170-24-083386,2
0001193125-24-178937,4
0001193125-24-179950,1
0001193125-24-180412,1
0001104659-24-081680,1
0001104659-24-081721,2
0001193125-24-183284,0
0001193125-24-183318,0
0001628280-24-032815,0
0001628280-24-032917,0
0001558370-24-010223,2
0001193125-24-186747,0
0001654954-24-009490,1
0001493152-24-029517,2
0001013762-24-002270,1
0001193125-24-188977,1
0001193125-24-189569,1
0001818382-24-000146,1
0001193125-24-193404,4
0001213900-24-065375,0
0001193125-24-196465,4
0001193125-24-197047,0
0001599901-24-000135,0
0001999371-24-009889,2
0001193125-24-198969,0
0001437749-24-026563,1
0001140361-24-037428,1
0001558370-24-012413,0
0001213900-24-072570,0
0001193125-24-207466,4
0000914475-24-000199,1
0001711279-24-000045,1
0001193125-24-211572,0
0001104659-24-096035,0
0001193125-24-211534,1
0000950170-24-102788,4
0001104659-24-098059,1
0000950170-24-104550,2
0001326732-24-000046,2
0001599298-24-000128,3
0000950170-24-104557,2
0001140361-24-040650,3
0000950170-24-104915,1
0001193125-24-216320,3
0001140361-24-040755,0
0001682852-24-000049,0
0001193125-24-217822,1
0001193125-24-217619,1
0001104659-24-099121,1
0000950170-24-105987,1
0001790340-24-000069,0
0000950170-24-106362,2
0001125345-24-000151,1
0001279569-24-001116,1
0000950170-24-106614,2
0001140361-24-041100,0
0001193125-24-219180,2
0001558370-24-012793,0
0001213900-24-079165,0
0001193125-24-221375,2
0000950170-24-108629,1
0001193125-24-223230,1
0001104659-24-101874,2
0001935979-24-000073,1
0001193125-24-224116,2
0001437749-24-029936,1
0001213900-24-081982,1
0000950170-24-109463,1
0001193125-24-228441,0
0001193125-24-229255,2
0001140361-24-042537,0
0001493152-24-039016,1
0001104659-24-106461,4
0001193125-24-233797,1
0001193125-24-234111,1
0001493152-24-040651,1
0001193125-24-237227,1
0001558370-24-013273,4
0001213900-24-087394,0
0001193125-24-237869,1
0001104659-24-109439,0
0001193125-24-238572,0
0001356576-24-000058,2
0001437749-24-031684,2
0001193125-24-241092,1
0001558370-24-013486,3
0001558370-24-013565,1
0001628280-24-043505,0
0000950170-24-116853,1
0000950170-24-116856,0
0001558370-24-013563,1
0001193125-24-243475,0
0000950170-24-117318,0
0001558370-24-013664,0
0000950170-24-117087,2
0001193125-24-243413,1
0001815776-24-000064,2
0001193125-24-245704,3
0000950170-24-117578,1
0001818382-24-000192,1
0001104659-24-112054,1
0000950170-24-117946,1
0001193125-24-246171,3
0000950170-24-118569,2
0001193125-24-247004,1
0001193125-24-246627,1
0001493152-24-043187,0
0001279569-24-001310,0
0000950170-24-120268,1
0001193125-24-250965,1
0000950170-24-121099,1
0001193125-24-251014,0
0001683168-24-007713,0
0001493152-24-044218,0
0000950170-24-123722,2
0001601485-24-000067,1
0001493152-24-044224,1
0000950170-24-124458,1
0000950170-24-124545,2
0001404644-24-000091,2
0001213900-24-096268,1
0001628280-24-046860,2
0001213900-24-096269,1
0001193125-24-256586,0
0001628280-24-047433,0
0001558370-24-015446,0
0001171843-24-006400,1
0001213900-24-099633,2
0001104659-24-119760,0
0001104659-24-120165,1
0001140361-24-047166,1
0001193125-24-262103,1
0000950170-24-129018,2
0001193125-24-262125,1
0001193125-24-262940,0
0001193125-24-263398,0
0001171843-24-006545,3
0001193125-24-264714,0
0000950170-24-130564,0
0000950170-24-130755,1
0001104659-24-123554,1
0001193125-24-268404,0
0001140361-24-048114,0
0001104659-24-124279,1
0000950170-24-132302,1
0001140361-24-048238,0
0000950170-24-132452,3
0000950170-24-132883,1
0001140361-24-048293,0
0001213900-24-105245,0
0001193125-24-271116,1
0000950170-24-133525,1
0001213900-24-105782,2
0001171843-24-006814,2
0001493152-24-049207,0
0001193125-24-272936,2
0001628280-24-050349,0
0001193125-24-272814,1
0001193125-24-272891,0
0001628280-24-050545,0
0001193125-24-273688,1
0000950170-24-134759,1
0001664710-24-000099,3
0001655759-24-000140,2
0000950170-24-134757,2
0001193125-24-273959,1
0000950170-24-134749,0
0001437749-24-037053,0
0001104659-24-126758,0
0000950170-24-134765,0
0001193125-24-274856,4
0001193125-24-274870,2
0000950170-24-135212,0
0001962918-24-000137,0
0001140361-24-048907,2
0000950170-24-134969,1
0001711279-24-000062,0
0001193125-24-277086,1
0000950170-24-136384,2
0001193125-24-279038,1
0001437749-24-037520,3
0001437749-24-037689,0
0001193125-24-280112,2
0001104659-24-129001,2
0001558370-24-016343,2
0001558370-24-016344,2
0001711279-24-000065,1
0001193125-24-283008,2
0001683168-24-008794,2
0001104659-24-129981,3
0001104659-24-130002,1
0001104659-24-130812,1
0001140361-24-050005,3
0001104659-24-131064,3
0000950170-24-139962,2
0000950170-24-140949,2
0001193125-25-000084,3
0001104659-25-001350,0
0001962918-25-000003,1
0001714899-25-000007,1
0000950170-25-002555,2
0001790340-25-000012,1
0001437749-25-000678,0
0001193125-25-003214,1
0001213900-25-001810,1
0001193125-25-004045,1
0000950170-25-003781,0
0001104659-25-002278,0
0001193125-25-004455,0
0000950170-25-003832,0
0001104659-25-002312,1
0000950170-25-003801,1
0001683168-25-000274,0
0001411685-25-000007,1
0002007919-25-000007,0
0001213900-25-005700,0
0001193125-25-010817,1
0001104659-25-005455,0
0000320017-25-000004,4
0001104659-25-005648,0
0000950170-25-008992,2
0001193125-25-012750,1
0001104659-25-006544,4
0000950170-25-009474,1
0001725160-25-000013,1
0000950170-25-010199,0
0001193125-25-015648,1
0001193125-25-016224,0
0001193125-25-021348,0
0001999371-25-001243,1
0001140361-25-003645,1
0000950170-25-016708,1
0001213900-25-011733,2
0001753926-25-000211,4
0001193125-25-024005,1
0001370053-25-000010,2
0001628280-25-005018,0
0000950170-25-020424,1
0001356576-25-000008,0
0001193805-25-000212,2
0000950170-25-024134,1
0000950170-25-026100,1
0001104659-25-017178,1
0001140361-25-005994,0
0001104659-25-018234,0
0001689548-25-000037,0
0001104659-25-019516,0
0001999371-25-002252,0
0001493152-25-008988,1
0001104659-25-021986,2
0001193125-25-050372,1
0001628280-25-011459,2
0001193125-25-050334,0
0001655759-25-000057,1
0000950170-25-036503,1
0001437749-25-006832,0
0001140361-25-007867,1
0001437749-25-007615,0
0001599901-25-000065,0
0001437749-25-008139,0
0001764013-25-000037,0
0001213900-25-024826,0
0001140361-25-009362,0
0001104659-25-025878,0
0001104659-25-026392,0
0000950170-25-043483,3
0001171843-25-001678,2
0001104659-25-027545,0
0000950170-25-044096,3
0001193125-25-061872,1
0001193125-25-063184,3
0001654954-25-003372,1
0001193125-25-064685,0
0001641172-25-001045,0
0001213900-25-025820,2
0001104659-25-029654,0
0001654954-25-003600,0
0000950170-25-046978,1
0001437749-25-009978,1
0001193125-25-067871,0
0001193125-25-067901,0
0001664710-25-000029,1
0000875320-25-000156,0
0001171843-25-001900,0
0001628280-25-015759,0
0001104659-25-030839,4
0001104659-25-031240,0
0001655759-25-000066,1
0001558370-25-004507,1
0001739410-25-000052,0
0001193125-25-079607,1
0001558370-25-004796,3
0001599298-25-000064,1
0001854270-25-000046,0
0001213900-25-035941,2
0001213900-25-035785,1
0001193805-25-000582,4
0001193125-25-105825,1
0001193125-25-110019,0
0001104659-25-045309,1
0001437749-25-014880,1
0001104659-25-045886,1
0001558370-25-007074,1
0000950170-25-069815,2
0001753926-25-000842,1
0001736730-25-000041,3
0001193125-25-122156,1
0001140361-25-019620,2
0001104659-25-050219,1
0001827506-25-000063,1
0001140361-25-020157,1
0001104659-25-052220,0
0001193125-25-125881,1
0000950170-25-076911,0
0001140361-25-020409,0
0001193125-25-128680,0
0001664710-25-000052,0
0001193125-25-129849,1
0000950170-25-078428,1
0001599298-25-000099,3
0001193125-25-132890,1
0001437749-25-019062,1
0001193125-25-132760,3
0001193125-25-132736,2
0001641172-25-013176,0
0001711279-25-000055,0
0001193125-25-134462,2
0001104659-25-056160,0
0001437749-25-019375,1
0001193125-25-137422,0
0001193125-25-137432,2
0001140361-25-022023,2
0001437749-25-020040,1
0001193125-25-138737,1
0001171843-25-003854,2
0001549595-25-000086,1
0001193125-25-140285,2
0001641172-25-015172,0
0001213900-25-054465,0
0001933414-25-000070,2
0000950170-25-087068,2
0001193125-25-141739,1
0001790340-25-000077,0
0001641172-25-015342,1
0001193125-25-141756,2
0001193125-25-141795,0
0001558370-25-008711,1
0001816590-25-000085,1
0001104659-25-061375,3
0000950170-25-088738,1
0001193125-25-144174,1
0001104659-25-061371,0
0000950170-25-089213,0
0001213900-25-056909,1
0001628280-25-032748,1
0000950170-25-089949,1
0001140361-25-023732,0
0001326190-25-000037,2
0001824293-25-000082,4
0000950170-25-090172,0
0001999480-25-000053,1
0001600620-25-000083,0
0001213900-25-059252,0
0001140361-25-024290,1
0001193805-25-000946,4
0001193125-25-155811,1
0001104659-25-065926,2
0000950170-25-094445,3
0001104659-25-066724,2
0001641172-25-018894,1
0001641172-25-019645,2
0001437749-25-022877,1
0000950170-25-097323,4
0001023024-25-000072,3
0001711279-25-000069,1
0001493152-25-011441,2
0001437749-25-023646,2
0001558370-25-009739,0
0001104659-25-071953,2
0001213900-25-068954,2
0000950170-25-099891,3
0001824293-25-000094,3
0001789769-25-000074,0
0001104659-25-072708,2
0001437749-25-024720,1
0001628280-25-038094,0
0001193125-25-176138,1
0001193125-25-177471,4
0001607678-25-000003,2
0001193125-25-184680,1
0001104659-25-082783,3
0001213900-25-080509,1
0001104659-25-083402,2
0001104659-25-085976,3
0002022626-25-000005,3
0001140361-25-033541,1
0000950170-25-112564,2
0001140361-25-033767,1
0001764013-25-000136,1
0001193125-25-194511,1
0001640334-25-001617,1
0000950170-25-113379,4
0001193125-25-197605,0
0001193125-25-197751,3
0001493152-25-012769,0
0001193125-25-197610,2
0001810560-25-000006,2
0001558370-25-011954,1
0001193125-25-200760,2
0001193125-25-200078,0
0001193125-25-202865,0
0001437749-25-029005,2
0001193125-25-205107,1
0001193125-25-205522,0
0001140361-25-035190,1
0001213900-25-090129,1
0001213900-25-088792,0
0001437749-25-029347,0
0001753926-25-001525,2
0001437749-25-029349,0
0001493152-25-014393,1
0001193125-25-210049,3
0001140361-25-035634,4
0001628280-25-042245,0
0001140361-25-035777,1
0001104659-25-092740,3
0001104659-25-092776,0
0001193805-25-001357,3
0001193125-25-217810,2
0001104659-25-094125,1
0001193125-25-221527,2
0001193125-25-221538,1
0001213900-25-092614,2
0001193125-25-223440,1
0001140361-25-036637,0
0001213900-25-093930,3
0001628280-25-044212,0
0001724521-25-000107,0
0001193125-25-230409,1
0001628280-25-044223,2
0001193125-25-232514,0
0001493152-25-017208,1
0001104659-25-097153,0
0001193125-25-232539,1
0001437749-25-030719,0
0001193125-25-235533,0
0001104659-25-098908,1
0001104659-25-099029,2
0001193125-25-243558,0
0001193125-25-243053,0
0001628280-25-045445,0
0001193125-25-243765,3
0001104659-25-100537,1
0001104659-25-100646,1
0001193125-25-243046,1
0001213900-25-100371,1
0001193125-25-246226,0
0001193805-25-001499,0
0001193125-25-245404,0
0001193125-25-245102,1
0001104659-25-101447,1
0001193125-25-246808,1
0001104659-25-101817,1
0002007919-25-000089,3
0001326732-25-000082,0
0001193125-25-250674,1
0001104659-25-102317,1
0001193125-25-252200,1
0001140361-25-039463,2
0001193125-25-253636,0
0001140361-25-039656,0
0001193125-25-254571,1
0001193125-25-256682,0
0001140361-25-039705,1
0001193125-25-261665,1
0001193125-25-261798,3
0001619856-25-000065,0
0001193125-25-261799,2
0001193125-25-264748,0
0001193125-25-267934,2
0001193125-25-268331,2
0001193125-25-270286,2
0001193125-25-271189,0
0001193125-25-273315,1
0001493152-25-021418,0
0001193125-25-273269,1
0001437749-25-033948,0
0001370053-25-000091,1
0001140361-25-041275,2
0001213900-25-107821,1
0001193125-25-273321,0
0001140361-25-041225,1
0001628280-25-051168,1
0001193125-25-276161,2
0001193125-25-275902,1
0001829126-25-009076,0
0001453687-25-000123,1
0001193125-25-283873,3
0001193125-25-283887,3
0001193125-25-283893,2
0001437749-25-035860,0
0001213900-25-114763,2
0001193125-25-308154,0
0001213900-25-116943,1
0001437749-25-037025,0
0001104659-25-117975,1
0001104659-25-117697,4
0001104659-25-117947,2
0001213900-25-117577,1
0001213900-25-118097,2
0001193125-25-310516,2
0001549595-25-000121,3
0001104659-25-119095,3
0001493152-25-026500,0
0001824293-25-000160,2
0001193125-25-310572,2
0001601830-25-000174,2
0001193125-25-311276,0
0001689548-25-000114,0
0001193125-25-310509,4
0001193125-25-310595,2
0001171843-25-007795,1
0001193125-25-310764,2
0001628280-25-055953,1
0001193125-25-312972,0
0001828185-25-000075,0
0001104659-25-120141,1
0001193125-25-315951,1
0001493152-25-027321,2
0001724521-25-000120,0
0001193125-25-318429,2
0001193125-25-318377,1
0001193125-25-319981,2
0001193125-25-320009,1
0001193125-25-320901,3
0001104659-25-121749,3
0001437749-25-038079,1
0001140361-25-045836,0
0001193125-25-322950,2
0001193125-25-323704,1
0001104659-25-122353,2
0001628280-25-058594,1
0001104659-25-122724,1
0001193125-25-332520,0
0001193125-25-332422,0
0001493152-26-000270,3
0001104659-26-000432,3
0001193125-26-001472,3
0001104659-26-000402,1
0001193125-26-002368,1
0001104659-26-001076,1
0001104659-26-001073,2
0001104659-26-001063,2
0001193125-26-005420,2
0001193125-26-005425,2
0001140361-26-000435,1
0000879407-26-000004,1
0001193125-26-007007,1
0001193125-26-007042,0
0001711279-26-000005,0
0001193125-26-010091,3
0001683168-26-000217,1
0001437749-26-001140,0
0001104659-26-003900,2
0001104659-26-004795,3
0000885590-26-000008,0
0001193125-26-024375,2
0001193125-26-025649,0
0001193125-26-029524,1
0001104659-26-008925,1
0001193125-26-034474,1
0001001233-26-000005,1
0001493152-26-005208,2
0001193125-26-039399,1
0001493152-26-005717,1
0001193125-26-043771,0
0001493152-26-006081,0
0001193125-26-045500,2
0001140361-26-004995,2
0001437749-26-004455,1
0001104659-26-016797,2
0001213900-26-018396,0
0001628280-26-009808,1
0001104659-26-018128,1
0001728117-26-000004,3
0001193125-26-065159,1
0001213900-26-019606,2
0001193125-26-068614,1
0001140361-26-006880,4
0001104659-26-021869,1
0001104659-26-021801,0
0001193125-26-084142,2
0001437749-26-006481,3
0001104659-26-022572,2
0001213900-26-023439,3
0001213900-26-023440,3
0001829126-26-002020,0
0001193125-26-097577,1
0001213900-26-024918,1
0001933414-26-000048,3
0001193125-26-099376,3
0001213900-26-025464,1
0001193125-26-100539,2
0001193125-26-103167,1
0001193125-26-102489,0
0001193125-26-107312,2
0001104659-26-028023,2
0001140361-26-010651,1
0001104659-26-032950,1
0001104659-26-033724,2
0001193125-26-120770,3
0001193125-26-125092,1
0001193125-26-127041,1
0001104659-26-036386,2
0001104659-26-036445,4
0001193125-26-130433,2
0001835268-26-000006,2
0001999371-26-007254,0
0001104659-26-036821,1
0001193125-26-131786,2
0001104659-26-038593,4
0001493152-26-014834,4
0001140361-26-012885,1
0001689548-26-000031,0
0001140361-26-013659,0
0001193125-26-151893,1
0001193125-26-151999,1
0001193125-26-152039,1
0001628280-26-024831,1
0001193125-26-154927,1
0001104659-26-044025,2
0001437749-26-012751,2
0001104659-26-045198,1
0002007919-26-000010,4
0001193125-26-167078,2
0001193125-26-168569,1
0001193125-26-167512,2
0001628280-26-027354,2
0001193125-26-179048,0
0001193125-26-179404,0
0001213900-26-047743,2
0001213900-26-047748,1
0001193125-26-182137,0
0001104659-26-049787,0
0001193125-26-183710,0
0001070081-26-000006,1
0001213900-26-050211,0
0001628280-26-028876,4
0001193125-26-202389,0
0001193125-26-202609,0
0001193125-26-205099,0
0001326732-26-000036,0
0001534120-26-000028,2
0001193125-26-208958,1
0001689375-26-000027,3
0001193125-26-210316,2
0001193125-26-215676,1
0002007919-26-000020,1
0001628280-26-033883,2
0001193125-26-218150,2
0001140361-26-021036,1
0001171843-26-003397,1
0001628280-26-034834,4
0001193125-26-227875,1
0001193125-26-228956,4
0001193125-26-229770,2
0001193125-26-229076,0
0001193125-26-232717,0
0001725160-26-000045,2
0001193125-26-234848,1
0001104659-26-065231,2
0001193125-26-234991,0
0001714899-26-000070,1
0001628280-26-038307,1
0001104659-26-066572,1
0001935979-26-000048,1
0001493152-26-025270,0
0001493152-26-025324,1
0001437749-26-018586,0
0001140361-26-023093,2
0001193805-26-000703,4
0001437749-26-018819,1
0001104659-26-068604,2
0001213900-26-063530,1
0001104659-26-069206,0
0001689548-26-000053,0
0001213900-26-063531,1
0001193125-26-251399,1
0001437749-26-019262,0
0001193125-26-254658,0
0001104659-26-069810,1
0000950103-26-008465,0
0001193125-26-257430,2
0001193125-26-258372,0
0001193125-26-260640,2
0001193125-26-260679,1
0001104659-26-071211,2
0001193125-26-263831,2
0001104659-26-072382,1
0001104659-26-072633,1
0001549595-26-000034,3
0001619856-26-000043,1
0001193125-26-266731,2
0001193125-26-266688,0
0001193125-26-270328,1
0001628280-26-043042,0
0001636282-26-000083,0
0001628280-26-043170,1
0001493152-26-028610,0
0001601485-26-000046,3
0001171843-26-004119,2
0001493152-26-028807,1
0001104659-26-076044,2
0001193125-26-276693,0
0001193125-26-276738,1
0001213900-26-070362,2
0001672688-26-000118,1
0001193125-26-286918,0
0001193125-26-286780,1
0001437749-26-022088,3
0001628280-26-046143,3
0001517022-26-000047,2
0001193125-26-290768,2
0001437749-26-022876,1
0001104659-26-080930,1
0001104659-26-081562,1
0001193125-26-298005,2
0001140361-26-028092,3
0001193125-26-299177,1
0001193125-26-301464,3
0001493152-26-033289,0
0001437749-26-023538,2
0001827635-26-000023,2
0001140361-26-028602,1
0001125345-26-000050,0
0001193125-26-316820,0
0001326190-26-000044,2
0001104659-26-087269,3
0001104659-26-087891,1
0001193125-26-326995,1
0001140361-26-030568,1
0001520138-26-000312,4
0001193125-26-336867,2
0001628280-26-054341,4
0001193125-26-341236,4
0001193125-26-341293,0
0001703057-26-000053,1
0001193125-26-341230,1
0001829126-26-008654,2
0001193125-26-347400,1
0001193125-26-354716,2
0001193125-26-357185,0
0001185185-26-003691,1
0001636282-26-000105,4
0001599298-26-000074,1
0001193125-26-372456,1
0001104659-26-104145,2
