nasdaq_share,capital,period,ann_return,ann_vol,sharpe,max_drawdown,turnover_per_year,trades,skipped_already_held,skipped_max_positions,skipped_no_room,win_rate,avg_trade_return,exits_stopped_trading,worst_trade_return,best_trade_return,long_pnl,short_pnl,top5_share_of_pnl
0.15,1000000.0,dev,0.08060340592861737,0.1414181351036149,0.6186780386372754,-0.193599158546094,3.7844748055309347,325,58,13,0,0.47692307692307695,0.023709457636419056,2,-1.6277381932827517,4.174506850115781,500516.76855720324,50115.039860312296,0.853047182264581
0.15,1000000.0,val,-0.058488007567269795,0.08432321339143982,-0.6726281109664738,-0.10087994081167695,3.8594090567869914,51,6,4,0,0.37254901960784315,-0.036439752069147444,1,-0.5197378332954119,0.5168661040391616,-62869.07526282674,4606.266158715443,-1.7725080866257488
0.15,5000000.0,dev,0.05346644705212622,0.06218313918673156,0.8684963442004543,-0.09574089009818776,1.2545491944660758,325,58,13,0,0.47692307692307695,0.02338906879263132,2,-1.6277381932827517,4.153913664358953,1658406.5001088614,55487.591149821485,0.9831981398744989
0.15,5000000.0,val,-0.034798475221804126,0.03455818099366855,-1.007589191402118,-0.03573454118651154,1.3671893271916271,51,6,4,0,0.37254901960784315,-0.03689539885204568,1,-0.5197378332954119,0.5164479142372883,-183911.8182594136,10597.780699466057,-0.9346599654365636
0.15,10000000.0,dev,0.03275585208762033,0.036982417161566146,0.8899198645359229,-0.054907712425079636,0.7303879912949616,325,58,13,0,0.47692307692307695,0.02337012601443325,2,-1.6277381932827517,4.1494910754976635,1953578.7131699752,47188.366097533435,0.97022226258391
0.15,10000000.0,val,-0.01773677753728886,0.01738187585506078,-1.0208777102751827,-0.018212623151680485,0.6796257639353992,51,6,4,0,0.37254901960784315,-0.03689672196733665,1,-0.5197378332954119,0.5164479142372883,-187267.9700892112,10597.780699466057,-0.9169045038950674
0.15,25000000.0,dev,0.014426320953775607,0.01606505126097322,0.8996087574174056,-0.025685053618429654,0.3517711837161642,325,58,13,0,0.47692307692307695,0.02336549179749356,2,-1.6277381932827517,4.1494910754976635,2037619.3479723916,73046.95872154078,0.9197042452394701
0.15,25000000.0,val,-0.007094862074325858,0.006918483057474839,-1.0256882166719865,-0.00728747781311001,0.2704490168651241,51,6,4,0,0.37254901960784315,-0.03689672196733665,1,-0.5197378332954119,0.5164479142372883,-187267.9700892112,10597.780699466057,-0.9169045038950674
0.15,50000000.0,dev,0.00739419949866349,0.008247443912740815,0.8973743241136409,-0.013434007220147648,0.18285827006917998,325,58,13,0,0.47692307692307695,0.02336509639435536,2,-1.6277381932827517,4.1494910754976635,2043417.0928034284,85032.13932756532,0.9120202320291257
0.15,50000000.0,val,-0.0035474560948902667,0.0034535836742199447,-1.027280046114856,-0.003644143845223047,0.13499256270110846,51,6,4,0,0.37254901960784315,-0.03689672196733665,1,-0.5197378332954119,0.5164479142372883,-187267.9700892112,10597.780699466057,-0.9169045038950674
0.15,100000000.0,dev,0.0037288195196314433,0.004169942736368257,0.894639238196882,-0.006869989221084949,0.0925659975949462,325,58,13,0,0.47692307692307695,0.02336509639435536,2,-1.6277381932827517,4.1494910754976635,2043417.0928034284,85032.13932756532,0.9120202320291257
0.15,100000000.0,val,-0.0017737343008251694,0.0017253823159338255,-1.0280737945066847,-0.0018221731741555613,0.0674384439829091,51,6,4,0,0.37254901960784315,-0.03689672196733665,1,-0.5197378332954119,0.5164479142372883,-187267.9700892112,10597.780699466057,-0.9169045038950674
0.24,1000000.0,dev,0.0787069706369401,0.14168112958155066,0.6053915222137706,-0.19406218129692288,3.796627554382287,325,58,13,0,0.47692307692307695,0.022757159755647446,2,-1.6302480094854401,4.1699072942831465,488043.3434677595,47252.03931946296,0.873050367475352
0.24,1000000.0,val,-0.059858884469171425,0.08432769860041255,-0.6898620582854338,-0.101128376008771,3.860964371729986,51,6,4,0,0.37254901960784315,-0.03718613331773267,1,-0.5203530303625373,0.5160808117782865,-63753.32379594199,4124.747233810849,-1.7278322988171309
0.24,5000000.0,dev,0.05283197816372942,0.0622442968209305,0.858023266037127,-0.09657942504278505,1.2568258223043034,325,58,13,0,0.47692307692307695,0.022349298119459116,2,-1.6302480094854401,4.1438474233977125,1640089.4682191312,50955.273473723864,0.9936290762815989
0.24,5000000.0,val,-0.03539150565724947,0.03455562648294518,-1.0254493844458,-0.03631167835534299,1.3676251400390464,51,6,4,0,0.37254901960784315,-0.03776282814732627,1,-0.5203530303625373,0.5155516712731822,-185809.21674773324,9541.374761035266,-0.9168397528433874
0.24,10000000.0,dev,0.03240196121567762,0.03700990797750641,0.8800245393102699,-0.05534319494961504,0.7310956473694777,325,58,13,0,0.47692307692307695,0.022325252857014418,2,-1.6302480094854401,4.138227063881312,1935124.364481554,42391.10412117167,0.9792579687206826
0.24,10000000.0,val,-0.018034826481849175,0.017378651869457588,-1.0385316523067296,-0.01850273831525584,0.6797343036395496,51,6,4,0,0.37254901960784315,-0.03776450249833115,1,-0.5203530303625373,0.5155516712731822,-189180.43887402644,9541.374761035266,-0.899633748813514
0.24,25000000.0,dev,0.014266525205808955,0.016070314616245106,0.8895159111973074,-0.025871692610808128,0.35192946260343266,325,58,13,0,0.47692307692307695,0.022319385134032088,2,-1.6302480094854401,4.138227063881312,2018535.1357738038,67974.08566451,0.9281041085276054
0.24,25000000.0,val,-0.007214086793604801,0.006916679303198532,-1.043318486044772,-0.007403532666008905,0.2704662029923613,51,6,4,0,0.37254901960784315,-0.03776450249833115,1,-0.5203530303625373,0.5155516712731822,-189180.43887402644,9541.374761035266,-0.899633748813514
0.24,50000000.0,dev,0.00731129305159417,0.008248797645025533,0.8872507457937545,-0.013528647113523862,0.18290413038852943,325,58,13,0,0.47692307692307695,0.02231888394988423,2,-1.6302480094854401,4.138227063881312,2024299.1794806367,79878.39747977714,0.9203110051647821
0.24,50000000.0,val,-0.0036070693053159575,0.003452597512124087,-1.0449023810262363,-0.0037021727347126276,0.1349968443699098,51,6,4,0,0.37254901960784315,-0.03776450249833115,1,-0.5203530303625373,0.5155516712731822,-189180.43887402644,9541.374761035266,-0.899633748813514
0.24,100000000.0,dev,0.003686660300699307,0.0041702146724719325,0.884508764899198,-0.006917398942973829,0.09257774811406606,325,58,13,0,0.47692307692307695,0.02231888394988423,2,-1.6302480094854401,4.138227063881312,2024299.1794806367,79878.39747977714,0.9203110051647821
0.24,100000000.0,val,-0.0018035411181674954,0.0017248682934156256,-1.0456921542695337,-0.0018511879845167778,0.06743951254945983,51,6,4,0,0.37254901960784315,-0.03776450249833115,1,-0.5203530303625373,0.5155516712731822,-189180.43887402644,9541.374761035266,-0.899633748813514
0.35,1000000.0,dev,0.07681547384286902,0.14194774702996313,0.5921538708349099,-0.1945210054553108,3.8087649841167317,325,58,13,0,0.47692307692307695,0.021814241789493646,2,-1.6327360644678919,4.165363140147394,475741.80816352874,44381.69648109801,0.8940051543666112
0.35,1000000.0,val,-0.061216799253038245,0.08433262603435569,-0.7069514536325534,-0.10137492959892025,3.862507325596274,51,6,4,0,0.37254901960784315,-0.03792590138541263,1,-0.52096289339809,0.5153023976431916,-64629.118106793314,3647.6801020394487,-1.685550946417978
0.35,5000000.0,dev,0.05220151502482939,0.06230578972327385,0.8476218877565119,-0.09741395813805398,1.2590905111230115,325,58,13,0,0.47692307692307695,0.021318580483892135,2,-1.6327360644678919,4.133879298872351,1621940.6503184584,46462.456609970664,1.0042507434276569
0.35,5000000.0,val,-0.03597939052397525,0.034553376260317424,-1.0431591704666905,-0.03688382452787886,1.3680574469900173,51,6,4,0,0.37254901960784315,-0.038622736144770034,1,-0.52096289339809,0.514663199133293,-187690.1524748547,8494.128330882777,-0.8997539727073468
0.35,10000000.0,dev,0.03205060448123831,0.03703764362674746,0.8702015604530285,-0.055775882452697934,0.7317986481449378,325,58,13,0,0.47692307692307695,0.02128944206448595,2,-1.6327360644678919,4.127060716244207,1916831.3382387303,37635.72384852803,0.9884267223590094
0.35,10000000.0,val,-0.018330290855466336,0.01737559356887219,-1.056035676054314,-0.01879034190711204,0.6798419364808208,51,6,4,0,0.37254901960784315,-0.03862475898703448,1,-0.52096289339809,0.514663199133293,-191076.3257057976,8494.128330882777,-0.8830671168110953
0.35,25000000.0,dev,0.014108002766415328,0.01607571828999012,0.8794987110700521,-0.026056911199933253,0.35208651731643853,325,58,13,0,0.47692307692307695,0.02128234910743965,2,-1.6327360644678919,4.127060716244207,1999616.8014698178,62945.339750375504,0.9366251001750122
0.35,25000000.0,val,-0.007332277725579872,0.0069149458287056,-1.0607985766749521,-0.0075185818889580425,0.27048324226430054,51,6,4,0,0.37254901960784315,-0.03862475898703448,1,-0.52096289339809,0.514663199133293,-191076.3257057976,8494.128330882777,-0.8830671168110953
0.35,50000000.0,dev,0.007229074051234852,0.00825023323263847,0.8772037802162658,-0.01362252106328865,0.18294961578916505,325,58,13,0,0.47692307692307695,0.021281742631575316,2,-1.6327360644678919,4.127060716244207,2005347.026950144,74769.34086084072,0.928720864867063
0.35,50000000.0,val,-0.0036661656287845235,0.003451647177082461,-1.062374454205646,-0.0037596986422823164,0.1350010891828392,51,6,4,0,0.37254901960784315,-0.03862475898703448,1,-0.52096289339809,0.514663199133293,-191076.3257057976,8494.128330882777,-0.8830671168110953
0.35,100000000.0,dev,0.003644858476295809,0.004170531458250114,0.8744552183513199,-0.00696441159166028,0.09258939969592457,325,58,13,0,0.47692307692307695,0.021281742631575316,2,-1.6327360644678919,4.127060716244207,2005347.026950144,74769.34086084072,0.928720864867063
0.35,100000000.0,val,-0.0018330894936895437,0.0017243723579834368,-1.0631602115120893,-0.0018799512621744396,0.06744057188448876,51,6,4,0,0.37254901960784315,-0.03862475898703448,1,-0.52096289339809,0.514663199133293,-191076.3257057976,8494.128330882777,-0.8830671168110953
