spin,horizon,n,mean,ci_low,ci_high
0,1,72,-0.003198072450497873,-0.017885647585735083,0.01009828593459188
0,2,72,0.001998104375868869,-0.017087715927243598,0.01958839193275407
0,3,72,-0.002248563945273065,-0.024764539045175296,0.019954446505941817
0,5,72,0.016730400745767163,-0.01601787085643405,0.05059550388299507
0,10,72,0.03936329161524794,-0.011494501971523444,0.09594106730744202
0,20,72,0.057979543586930436,-0.012087709865544707,0.14734477632012302
0,40,72,0.07004353434670268,-0.026274670147101966,0.2094383931703745
0,60,72,0.09725463529329478,-0.007116875824392295,0.23929607205656084
1,1,67,-0.0011391644735328276,-0.010676647368393452,0.009418567254760384
1,2,67,-0.00978866220778387,-0.02313251628542458,0.004140680669503545
1,3,67,-0.01721684293534609,-0.032721747358776934,-0.002105744321419845
1,5,67,-0.029471101218638114,-0.04797541269376444,-0.010674375153398374
1,10,67,-0.0394091372269313,-0.06680749399879968,-0.010298132376203155
1,20,67,-0.012490275593781667,-0.06115596422161912,0.05214553529495831
1,40,67,0.006794181650783835,-0.07741357709372299,0.12909198631661373
1,60,67,-0.039564083962225924,-0.12153991923081257,0.07073310008176589
2,1,35,0.0015889991040952203,-0.016825485794729332,0.020122123147556792
2,2,35,-0.013140612733258035,-0.03977967487322883,0.014800514558256341
2,3,35,-0.009461155683799245,-0.04017100852320047,0.027006102761760905
2,5,35,-0.010425887544164838,-0.04524894408902684,0.026132744303925235
2,10,35,-0.03711812952297704,-0.08011001958498147,0.007230340330411583
2,20,35,-0.025805970363670105,-0.08619568495929915,0.03847035577644327
2,40,35,0.003542220730433392,-0.08125692306811048,0.0893425158664549
2,60,35,0.013201277755616716,-0.0968264987804798,0.13354510112782217
3,1,10,0.027106540677301994,-0.020769297407776485,0.09058415706610629
3,2,10,0.042384283139340305,-0.008609170514675036,0.11258203347556232
3,3,10,0.03599000713287722,-0.03315717033081204,0.14324345225481272
3,5,10,0.0405691478057361,-0.04559506743608057,0.1507666369033546
3,10,10,0.026391610530293475,-0.04402173969729891,0.10360395577960957
3,20,10,0.05344483496119066,-0.07760941622353834,0.19391073338945855
3,40,10,0.08303487929651684,-0.04796140244817332,0.24045378730648548
3,60,10,-0.005071481191519433,-0.17179674763590075,0.17874917839535545
4,1,1,0.02592753633681877,0.02592753633681877,0.02592753633681877
4,2,1,0.0077924522765457915,0.0077924522765457915,0.0077924522765457915
4,3,1,0.0007915007227161652,0.0007915007227161652,0.0007915007227161652
4,5,1,0.04314212449159349,0.04314212449159349,0.04314212449159349
4,10,1,-0.029642464223366916,-0.029642464223366916,-0.029642464223366916
4,20,1,-0.012315400652940012,-0.012315400652940012,-0.012315400652940012
4,40,1,0.04666592229269306,0.04666592229269306,0.04666592229269306
4,60,1,0.07537156138284429,0.07537156138284429,0.07537156138284429
