group,horizon,n,mean,ci_low,ci_high
clean_long,1,109,-0.004482791548390174,-0.015690398679874283,0.006127374528515786
clean_long,2,109,-0.006285249989117426,-0.020957605116092896,0.00735932110910828
clean_long,3,109,-0.01312568633450757,-0.031117615582375836,0.004005116183956455
clean_long,5,109,-0.009351545674462985,-0.035108318443695975,0.015890922490444975
clean_long,10,109,0.0015682366887755845,-0.040903190498852354,0.055158332173267
clean_long,20,109,0.02211708220210223,-0.0377635072657504,0.09861430680949891
clean_long,40,109,0.05272147192971589,-0.042002437120248336,0.18347914179495745
clean_long,60,109,0.03248208628732568,-0.055168372489896304,0.1541933926918211
clean_short,1,15,-0.012382493551850223,-0.03727502920842496,0.005490980903010847
clean_short,2,15,-0.020490863424768815,-0.05146622625176299,0.0026600058323290343
clean_short,3,15,-0.011756846942693803,-0.03492339440967265,0.009115871710822855
clean_short,5,15,-0.016753679058253573,-0.047220638030167066,0.017027573122110316
clean_short,10,15,-0.01963251135131349,-0.06034753646677946,0.02218024454626791
clean_short,20,15,-0.0665634498469444,-0.12348101641679833,-0.00800160155943547
clean_short,40,15,-0.023457098069361432,-0.10613630550584975,0.051618468302905424
clean_short,60,15,-0.038907760723316316,-0.18908647166356476,0.08137701809367208
no_trade,1,43,0.008527562428862778,-0.007753858693268241,0.02977380899752553
no_trade,2,43,0.0019490597276668761,-0.01924318913140279,0.026481312430836925
no_trade,3,43,0.006431655476369707,-0.02247490680245613,0.04160502241032196
no_trade,5,43,0.008418266840892185,-0.02568688228918708,0.04866972177825497
no_trade,10,43,-0.0032688343137990497,-0.045991510639906814,0.03814135819980629
no_trade,20,43,0.007324439140891926,-0.06104301093656001,0.06507355922560402
no_trade,40,43,0.04086549534375521,-0.026246410593776713,0.11158872398968728
no_trade,60,43,0.06677814972890854,-0.03638331122498797,0.17222851685527965
spun_short,1,18,0.0009875351863165942,-0.028190634498298596,0.02882782163498165
spun_short,2,18,0.01368573809446954,-0.02679859831766372,0.05326015851154654
spun_short,3,18,0.017116002042906277,-0.021001147159014397,0.0556877160677465
spun_short,5,18,0.015556642831446385,-0.034456979579581846,0.07063102839251822
spun_short,10,18,0.06644342688800313,0.012348914096860857,0.120144304830906
spun_short,20,18,0.04264232950475168,-0.059506706756789804,0.12946262370746353
spun_short,40,18,0.07535422926515485,-0.03995136926681671,0.18105858070700304
spun_short,60,18,0.1198545926638327,-0.004554045884179877,0.23515461010095662
