ticker,dir,entry,size,pnl,group,exit,exit_reason
NMRA,-1,2025-01-03,22610.71434,12286.123276221593,clean_short,2025-04-02,horizon
DNLI,-1,2025-01-08,38474.60966000001,16581.33075549018,clean_short,2025-04-07,horizon
MBX,1,2025-01-08,12963.386259999997,-7670.48102634257,clean_long,2025-04-07,horizon
JSPR,1,2025-01-10,12132.661259999999,-6171.72232282547,clean_long,2025-04-08,horizon
VIR,-1,2025-01-10,15239.799527500001,8391.233462853148,spun_short,2025-04-08,horizon
CRNX,1,2025-01-13,49992.377718239295,-14700.146361679828,clean_long,2025-04-09,horizon
AKRO,-1,2025-01-28,49021.9157025,8808.881889242084,spun_short,2025-04-24,horizon
ANAB,-1,2025-02-13,22288.200395,-1453.4387706905507,spun_short,2025-05-12,horizon
SUPN,-1,2025-02-20,35975.324524999996,230.88182318263645,clean_short,2025-05-16,horizon
PRAX,-1,2025-03-03,51182.41024542504,-6779.355997451019,clean_short,2025-05-28,horizon
PTGX,1,2025-03-04,50907.97923517573,11548.168851332182,clean_long,2025-05-29,horizon
BEAM,1,2025-03-11,52097.00265329038,-18746.32356943255,clean_long,2025-06-05,horizon
ARVN,1,2025-03-12,51940.76038159984,-8942.706716971268,clean_long,2025-06-06,horizon
RNA,-1,2025-03-18,51480.31140529389,-4244.89878880657,spun_short,2025-06-12,horizon
IMVT,1,2025-03-20,45734.2534625,-9900.582794533906,clean_long,2025-06-16,horizon
AXSM,1,2025-03-26,50406.192328803474,-7614.605317664599,clean_long,2025-06-23,horizon
WVE,-1,2025-03-27,26799.014274999998,5893.197531900514,spun_short,2025-06-24,horizon
KROS,1,2025-04-01,17987.7209925,7360.899737050352,clean_long,2025-06-27,horizon
CORT,1,2025-04-01,50020.81955595482,-10370.990507543078,clean_long,2025-06-27,horizon
PCVX,1,2025-04-01,50015.817473999225,373.1471820111527,clean_long,2025-06-27,horizon
EWTX,1,2025-04-03,49285.38129498201,-2863.240768639213,clean_long,2025-07-01,horizon
RYTM,1,2025-04-08,48620.182385680644,7084.380831189544,clean_long,2025-07-07,horizon
IONS,1,2025-05-20,49468.867491606885,13114.39900775465,clean_long,2025-08-15,horizon
TRML,1,2025-05-21,12048.945555,5546.422290390642,clean_long,2025-08-18,horizon
VSTM,1,2025-05-27,32262.2069575,344.4465036933193,clean_long,2025-08-21,horizon
PRTA,-1,2025-05-28,29984.572767499994,-28319.78386568359,clean_short,2025-08-22,horizon
TSHA,-1,2025-05-30,20314.6739725,-2479.4597008673613,spun_short,2025-08-26,horizon
VERA,1,2025-06-03,48937.30992366237,-13815.805283657284,clean_long,2025-08-28,horizon
KYMR,1,2025-06-03,46200.91418,-2120.980288282678,clean_long,2025-08-28,horizon
MTSR,1,2025-06-10,39264.058079999995,600.1520761600133,clean_long,2025-09-05,horizon
NRIX,1,2025-06-13,23420.14654,-5961.497200537644,clean_long,2025-09-10,horizon
ELVN,1,2025-06-16,14421.67798,-2057.8147999376624,clean_long,2025-09-11,horizon
MLYS,1,2025-06-18,23682.208339999997,38591.416715072795,clean_long,2025-09-15,horizon
SYRE,1,2025-06-18,14722.831825000001,-317.4402869784752,clean_long,2025-09-15,horizon
SRRK,1,2025-06-20,47236.29167940639,-2569.565508620198,clean_long,2025-09-16,horizon
CMPS,1,2025-06-23,15013.416169999999,17127.714914554683,clean_long,2025-09-17,horizon
AUPH,1,2025-07-01,23717.724582500003,16957.23705926314,clean_long,2025-09-25,horizon
APGE,1,2025-07-08,47627.45134456144,3686.7388469799425,clean_long,2025-10-01,horizon
COGT,1,2025-07-08,34121.191425,14969.187882400238,clean_long,2025-10-01,horizon
RYTM,1,2025-07-11,49243.60835061307,6169.38512749076,clean_long,2025-10-06,horizon
ALKS,1,2025-07-23,50218.04645321926,6490.077634265661,clean_long,2025-10-16,horizon
KRYS,1,2025-07-28,49461.809078040504,11993.626991800804,clean_long,2025-10-21,horizon
VKTX,1,2025-08-20,49343.886433769425,25364.871266952676,clean_long,2025-11-13,horizon
MTSR,1,2025-10-01,53154.05556395987,18490.963255646533,clean_long,2025-11-13,stopped trading
DVAX,1,2025-08-22,28192.806112499995,1560.4221925501815,clean_long,2025-11-17,horizon
CYTK,1,2025-09-03,51551.84393296905,18496.813973117896,clean_long,2025-11-26,horizon
IONS,1,2025-09-03,51546.688748575754,18686.514041311064,clean_long,2025-11-26,horizon
UPB,1,2025-09-03,15365.71055,6072.528809360011,clean_long,2025-11-26,horizon
WVE,1,2025-09-04,31587.3552225,-1783.488494262073,clean_long,2025-11-28,horizon
IMVT,-1,2025-09-04,38205.8673,-20450.860093434865,spun_short,2025-11-28,horizon
DNTH,1,2025-09-09,18009.776925000002,4172.993755735189,clean_long,2025-12-03,horizon
ROIV,1,2025-09-18,51646.85402097065,23687.77829189632,clean_long,2025-12-12,horizon
ATAI,1,2025-09-24,34329.033575,-10059.719969906831,clean_long,2025-12-18,horizon
HRMY,-1,2025-09-25,51113.26047513018,-22016.68364671188,clean_short,2025-12-19,horizon
IDYA,-1,2025-10-21,54654.53083740512,-14192.745791103902,spun_short,2026-01-16,horizon
OLMA,1,2025-10-21,32792.702075,74543.64074900819,clean_long,2026-01-16,horizon
TERN,1,2025-10-23,20147.140330000002,78423.53210088573,clean_long,2026-01-21,horizon
INBX,1,2025-10-27,16990.4461975,4530.54846904594,clean_long,2026-01-23,horizon
XNCR,1,2025-10-27,35361.1813375,-3826.2929294487635,clean_long,2026-01-23,horizon
ZBIO,1,2025-10-28,21231.012160000002,-7751.556503299561,clean_long,2026-01-26,horizon
KYTX,1,2025-10-30,12865.18114,3030.007462092802,clean_long,2026-01-28,horizon
FDMT,1,2025-11-07,23133.89621,-4692.453925425524,clean_long,2026-02-05,horizon
ALKS,1,2025-11-13,56844.43258525157,6870.8256116104585,clean_long,2026-02-11,horizon
ZYME,1,2025-11-18,36308.4749825,-3.441411976617914,clean_long,2026-02-17,horizon
JAZZ,1,2025-11-18,60655.244083773694,-4483.552805669205,clean_long,2026-02-17,horizon
ACLX,1,2025-12-09,64395.93131764958,39221.708259786785,clean_long,2026-03-09,horizon
FULC,1,2025-12-09,19455.644662500003,-8941.11553720692,clean_long,2026-03-09,horizon
NRIX,1,2025-12-09,59551.957077499996,-12598.540601678123,clean_long,2026-03-09,horizon
DYN,1,2025-12-09,64381.590964343806,-2699.2733479882636,clean_long,2026-03-09,horizon
KYMR,-1,2025-12-09,64375.15280524737,-388.3217600166629,spun_short,2026-03-09,horizon
RXRX,1,2025-12-09,64368.71528996684,-17059.737977743174,clean_long,2026-03-09,horizon
RYTM,-1,2025-12-12,65773.59742797246,11272.842295426028,spun_short,2026-03-12,horizon
RARE,-1,2025-12-30,63009.493990718925,7817.398918167487,clean_short,2026-03-27,horizon
CRNX,1,2026-01-07,62615.83689290739,-18520.37570099468,clean_long,2026-04-06,horizon
CRVS,1,2026-01-21,28158.7163125,-7001.845967630195,clean_long,2026-04-17,horizon
BHC,-1,2026-01-27,16278.152365000002,69.27068451049911,clean_short,2026-04-23,horizon
UPB,1,2026-02-12,41777.673195,-12163.541786046993,clean_long,2026-05-11,horizon
BCAX,1,2026-02-23,13756.545995,2932.8119797145846,clean_long,2026-05-19,horizon
PVLA,1,2026-02-25,45660.31266999999,-4831.095562892189,clean_long,2026-05-21,horizon
SEPN,1,2026-03-03,22001.616039999997,2238.111067571307,clean_long,2026-05-28,horizon
TBPH,-1,2026-03-04,22152.237735000002,-4582.875396459676,clean_short,2026-05-29,horizon
XENE,1,2026-03-10,61217.629268741424,-7905.709891395255,clean_long,2026-06-04,horizon
MLYS,-1,2026-03-11,61401.217736486724,7668.013525513767,clean_short,2026-06-05,horizon
SLDB,1,2026-03-13,24532.7212425,-2539.806941528868,clean_long,2026-06-09,horizon
APGE,1,2026-03-24,60830.2991541749,14236.874977092379,clean_long,2026-06-18,horizon
KOD,1,2026-03-30,60883.66893238987,550.9745873192139,clean_long,2026-06-25,horizon
VRDN,1,2026-03-31,61804.9475987586,-5581.992600989666,clean_long,2026-06-26,horizon
IDYA,1,2026-04-14,62584.509741044196,8680.70078735286,clean_long,2026-07-10,horizon
ALLO,-1,2026-04-14,20919.8999575,2037.3519156638124,spun_short,2026-07-10,horizon
SYRE,1,2026-04-14,62576.159300074345,32693.138401636144,clean_long,2026-07-10,horizon
CPRX,1,2026-07-02,70087.54062583823,-235.89680022527182,clean_long,2026-07-14,stopped trading
MGTX,1,2026-04-17,17159.626590000003,4081.41124390796,clean_long,2026-07-15,horizon
MNPR,1,2026-04-21,16366.721510000001,17833.527959141793,clean_long,2026-07-17,horizon
INBX,-1,2026-04-23,42865.5987725,10591.614873269767,spun_short,2026-07-21,horizon
RAPP,1,2026-04-23,25703.77373,4266.543980128023,clean_long,2026-07-21,horizon
KYTX,1,2026-04-23,16953.420020000005,-2884.5817960733457,clean_long,2026-07-21,horizon
ORKA,1,2026-04-28,61409.20605981321,14812.972818078191,clean_long,2026-07-24,horizon
ALKS,1,2026-05-13,61695.98962317393,16380.348652958386,clean_long,2026-08-10,horizon
WVE,1,2026-05-20,60651.23902721658,-10976.253623531138,clean_long,2026-08-17,horizon
PVLA,1,2026-05-22,47797.6300775,14953.178015423518,clean_long,2026-08-19,horizon
BHVN,-1,2026-05-28,20836.660729999996,-7817.002481558795,spun_short,2026-08-24,horizon
TGTX,1,2026-05-29,61435.770238960686,27994.07606648671,clean_long,2026-08-25,horizon
CLYM,1,2026-06-08,18554.7705225,7219.576948603593,clean_long,2026-09-02,horizon
TNGX,-1,2026-06-09,61784.87306897977,15658.072341846353,spun_short,2026-09-03,horizon
NRIX,1,2026-06-12,63372.899178262254,34352.89421493347,clean_long,2026-09-09,horizon
MLTX,-1,2026-06-23,30197.8335675,11937.758092290502,spun_short,2026-09-17,horizon
ABSI,1,2026-06-25,68290.8554431611,-3007.336829818867,clean_long,2026-09-21,horizon
