variant,ann_return,ann_vol,sharpe,max_drawdown,turnover_per_year,trades,skipped_already_held,skipped_max_positions,skipped_no_room,win_rate,avg_trade_return,exits_stopped_trading,worst_trade_return,best_trade_return,long_pnl,short_pnl,top5_share_of_pnl
main,0.22922310312847016,0.14208769397814794,1.5235632001433073,-0.11942667105344751,4.505653120774858,107,13,22,0,0.5514018691588785,0.13240152563351604,2,-0.9444784851621812,3.892539130434782,424966.1778313799,6518.5450927935035,0.6144671594462916
long_only,0.22012457981708122,0.18229390851963911,1.1825429356677346,-0.13949117702974534,3.9884500950765176,91,11,7,0,0.5494505494505495,0.14914630808435186,2,-0.5917035003431712,3.892539130434782,413118.84228163265,0.0,0.643685400928906
costs_2x,0.2063281488690898,0.143341741097988,1.3802086456015674,-0.1252116332391301,4.5422400101608575,107,13,22,0,0.5327102803738317,0.12266505904402653,2,-0.9835221877156665,3.8807304347826084,405926.3381970857,-20463.978253675465,0.6800966631283432
endpoint_only,0.18371172389485535,0.16750877370996,1.0905177391138623,-0.1606056178419062,4.419165108480099,106,16,23,0,0.5188679245283019,0.12308215146559151,2,-0.9444784851621812,3.892539130434782,351904.7204354632,-11276.258878412787,0.7712334962993767
firstday_only,-0.21504555942044457,0.19322565966119096,-1.1558004871675673,-0.4286417554512678,3.6990201644866363,77,5,0,6,0.45454545454545453,-0.13547115339237853,0,-4.011358252375641,0.5506131132310033,0.0,-343507.6942348497,-0.19149775890545284
text_only,0.14195845014530484,0.11545897900031814,1.2073680403433629,-0.09951593377757428,4.217413079956082,98,12,10,0,0.6122448979591837,0.05943678038086078,2,-4.011358252375641,1.6295531295487624,320816.17842918215,-61305.89916547088,0.5818092641521831
registry_today,0.12389273498749342,0.14413492750316378,0.8822081588223579,-0.13423240927072522,4.618607992492936,107,13,22,0,0.5327102803738317,0.05860485852828564,2,-4.011358252375641,2.2731777509068896,315313.6778851703,-90233.12923533512,0.9042796472876647
keyword,0.08680039815546992,0.11070606702266672,0.8070584503904197,-0.09723485791642805,4.150630136060749,93,13,17,0,0.5591397849462365,0.06152409218970012,2,-1.6739577932580108,3.892539130434782,265815.5401317168,-110151.03174975158,1.3804129296861578
no_date_only,0.15394039965400785,0.13405290924291446,1.1350672544459068,-0.11517933060749075,4.356771473765503,101,13,12,0,0.5445544554455446,0.0949980555528837,2,-0.9444784851621812,3.892539130434782,275623.10556039464,6945.584589417269,0.717900597742776
unchanged_registry,0.005588439996986105,0.04111059442592139,0.15606094447540617,-0.0568270047870556,0.6799678827489104,19,1,0,0,0.47368421052631576,-0.0020776170586852753,0,-0.5917035003431712,1.0896212749905703,40822.32101370067,-31089.057230121623,6.321150164220564
no_split_trades,0.22922310312847016,0.14208769397814794,1.5235632001433073,-0.11942667105344751,4.505653120774858,107,13,22,0,0.5514018691588785,0.13240152563351604,2,-0.9444784851621812,3.892539130434782,424966.1778313799,6518.5450927935035,0.6144671594462916
delisted_longs_lose_30,0.20678751251813576,0.14498941613981817,1.368826685702691,-0.12103714209918148,4.534159845180387,107,13,22,0,0.5420560747663551,0.1258169204477861,2,-0.9444784851621812,3.892539130434782,380582.9947750704,5796.47318560894,0.6829406754521256
delisted_longs_lose_all,0.15466655700595333,0.1599256758042543,0.9795701369526979,-0.12500730472097266,4.601944636213333,107,13,22,0,0.5420560747663551,0.11045284168108299,2,-1.002,3.892539130434782,279860.1959376444,4111.638735511544,0.9188824482331458
