setting,period,ann_return,sharpe,max_drawdown,trades
main strategy,dev,0.08751604442621153,0.6673992427524166,-0.1918496339865562,325
main strategy,val,-0.05330330375239589,-0.6076218101485193,-0.09994460770686353,51
main strategy,oos,0.22922310312847016,1.5235632001433073,-0.11942667105344751,107
spun = spin 1-4 (looser),dev,0.019302928822438892,0.24654580602084492,-0.15786489721202035,303
spun = spin 1-4 (looser),val,-0.02404455095140101,-0.31096529351280366,-0.07173820184956448,43
spun = spin 1-4 (looser),oos,0.1157681803717796,1.1864073507841264,-0.0961044098259578,93
spun = spin 3-4 (stricter),dev,0.0587682271269101,0.45102772768216204,-0.24263868381225062,327
spun = spin 3-4 (stricter),val,-0.05105930163199435,-0.4707442234990907,-0.10361381672976566,50
spun = spin 3-4 (stricter),oos,0.18406852621167058,1.1283995184083644,-0.1666317725499432,106
short spun only if day-one > +2%,dev,0.08186871346635316,0.6206583714928823,-0.19872953072139443,311
short spun only if day-one > +2%,val,-0.042042363793205584,-0.46194046094132896,-0.09936532151699362,49
short spun only if day-one > +2%,oos,0.22922310312847016,1.5235632001433073,-0.11942667105344751,107
max 3% of equity per stock,dev,0.04944557474570632,0.5328486611761113,-0.14621141157003692,325
max 3% of equity per stock,val,-0.03615176385097285,-0.5967407410732289,-0.07044988766658922,51
max 3% of equity per stock,oos,0.18816229957344777,1.655956000525193,-0.10564088907087588,107
max 10% of equity per stock,dev,0.13971125235986626,0.7994040195393118,-0.26733598612329124,321
max 10% of equity per stock,val,-0.09107428821206831,-0.7947911186803603,-0.13271386781612604,51
max 10% of equity per stock,oos,0.36447357377590417,1.6787409212148732,-0.12763046501952302,103
volume cap 0.5% of daily volume,dev,0.08101818602493305,0.8154156176511838,-0.15484434717984552,325
volume cap 0.5% of daily volume,val,-0.03637081156257993,-0.573027846265881,-0.06736634229586702,51
volume cap 0.5% of daily volume,oos,0.16707886336721045,1.555606288254593,-0.07590015095546254,107
volume cap 2% of daily volume,dev,0.0679585815765813,0.47340789312334874,-0.240540924971976,325
volume cap 2% of daily volume,val,-0.06652701321697607,-0.6370229438468992,-0.11732380334584325,51
volume cap 2% of daily volume,oos,0.3511260216940526,1.7608199380604885,-0.1645336157048014,107
max 10 positions,dev,0.07316264312653487,0.757082541256356,-0.11416982538902898,203
max 10 positions,val,-0.06399138451166653,-0.9448611168845287,-0.09383840922628284,30
max 10 positions,oos,0.06861876354522334,0.7798799717457435,-0.06541510661179362,61
max 30 positions,dev,0.07875101519328354,0.6015703016152755,-0.1990262037284828,336
max 30 positions,val,-0.019846879017738628,-0.17950992540039196,-0.09116884339442888,54
max 30 positions,oos,0.18782745352708807,1.2513559842715583,-0.13957135124835696,125
